"날짜","종가","오픈","고가","저가","거래량","변동 %"
"2022년 05월 31일","31,793.4","31,730.2","32,377.5","31,221.2","86.60K","0.22%"
"2022년 05월 30일","31,723.3","29,465.2","32,185.6","29,307.2","129.56K","7.66%"
"2022년 05월 29일","29,465.2","29,027.1","29,556.5","28,838.7","36.87K","1.51%"
"2022년 05월 28일","29,027.1","28,620.1","29,194.4","28,537.2","43.87K","1.49%"
"2022년 05월 27일","28,601.2","29,194.0","29,377.1","28,282.2","116.41K","-2.06%"
"2022년 05월 26일","29,203.5","29,537.9","29,868.9","28,077.9","126.71K","-1.14%"
"2022년 05월 25일","29,540.6","29,648.7","30,202.3","29,353.5","78.85K","-0.36%"
"2022년 05월 24일","29,648.7","29,091.6","29,810.8","28,706.1","79.42K","1.91%"
"2022년 05월 23일","29,093.3","30,287.3","30,644.8","28,913.6","92.10K","-3.94%"
"2022년 05월 22일","30,286.6","29,433.0","30,462.0","29,260.1","50.60K","2.89%"
"2022년 05월 21일","29,434.6","29,188.7","29,623.2","28,953.9","32.27K","0.88%"
"2022년 05월 20일","29,178.6","30,305.9","30,735.1","28,738.5","98.78K","-3.72%"
"2022년 05월 19일","30,305.9","28,700.4","30,525.1","28,682.1","101.38K","5.66%"
"2022년 05월 18일","28,683.7","30,437.5","30,687.9","28,648.1","92.03K","-5.76%"
"2022년 05월 17일","30,437.5","29,856.7","30,720.1","29,484.5","79.63K","1.97%"
"2022년 05월 16일","29,849.0","31,308.3","31,312.4","29,135.8","100.25K","-4.66%"
"2022년 05월 15일","31,308.7","30,078.6","31,383.8","29,499.4","65.44K","4.08%"
"2022년 05월 14일","30,080.4","29,285.2","30,277.4","28,666.7","70.46K","2.72%"
"2022년 05월 13일","29,284.4","28,994.3","31,002.7","28,755.0","141.23K","1.06%"
"2022년 05월 12일","28,976.0","29,073.4","30,136.7","26,500.5","309.48K","-0.32%"
"2022년 05월 11일","29,068.2","31,008.0","32,113.6","27,835.5","296.90K","-6.25%"
"2022년 05월 10일","31,007.5","30,098.2","32,621.2","29,831.0","235.61K","3.03%"
"2022년 05월 09일","30,095.0","34,041.0","34,227.0","30,095.0","268.09K","-11.64%"
"2022년 05월 08일","34,060.0","35,468.0","35,497.0","33,727.0","671.05M","-3.97%"
"2022년 05월 07일","35,468.0","36,003.0","36,119.0","34,773.0","288.86M","-1.50%"
"2022년 05월 06일","36,009.0","36,540.0","36,646.0","35,267.0","752.84M","-1.46%"
"2022년 05월 05일","36,544.0","39,686.0","39,833.0","36,183.0","1.04B","-7.92%"
"2022년 05월 04일","39,688.0","37,717.0","40,021.0","37,660.0","691.49M","5.22%"
"2022년 05월 03일","37,718.0","38,515.0","38,647.0","37,513.0","367.21M","-2.07%"
"2022년 05월 02일","38,514.0","38,472.0","39,134.0","38,061.0","580.79M","0.14%"
"2022년 05월 01일","38,461.0","37,642.0","38,676.0","37,397.0","276.99M","2.15%"
"2022년 04월 30일","37,650.0","38,590.0","38,776.0","37,596.0","248.22M","-2.41%"
"2022년 04월 29일","38,581.0","39,748.0","39,919.0","38,175.0","382.90M","-2.94%"
"2022년 04월 28일","39,748.0","39,243.0","40,382.0","38,888.0","542.39M","1.29%"
"2022년 04월 27일","39,243.0","38,113.0","39,447.0","37,869.0","426.83M","2.96%"
"2022년 04월 26일","38,113.0","40,443.0","40,770.0","37,708.0","681.47M","-5.72%"
"2022년 04월 25일","40,427.0","39,464.0","40,599.0","38,233.0","654.60M","2.44%"
"2022년 04월 24일","39,464.0","39,434.0","39,929.0","39,033.0","283.63M","0.12%"
"2022년 04월 23일","39,418.0","39,709.0","39,973.0","39,291.0","190.60M","-0.73%"
"2022년 04월 22일","39,709.0","40,487.0","40,792.0","39,200.0","421.30M","-1.91%"
"2022년 04월 21일","40,482.0","41,370.0","42,969.0","39,793.0","493.05M","-2.14%"
"2022년 04월 20일","41,368.0","41,499.0","42,203.0","40,915.0","382.84M","-0.33%"
"2022년 04월 19일","41,503.0","40,809.0","41,746.0","40,585.0","268.28M","1.72%"
"2022년 04월 18일","40,803.0","39,700.0","41,095.0","38,577.0","484.26M","2.77%"
"2022년 04월 17일","39,703.0","40,382.0","40,599.0","39,561.0","210.01M","-1.68%"
"2022년 04월 16일","40,382.0","40,571.0","40,691.0","40,003.0","151.31M","-0.44%"
"2022년 04월 15일","40,560.0","39,936.0","40,850.0","39,781.0","233.09M","1.56%"
"2022년 04월 14일","39,936.0","41,133.0","41,494.0","39,585.0","294.29M","-2.91%"
"2022년 04월 13일","41,133.0","40,072.0","41,515.0","39,581.0","406.70M","2.63%"
"2022년 04월 12일","40,078.0","39,507.0","40,678.0","39,265.0","468.27M","1.47%"
"2022년 04월 11일","39,497.0","42,144.0","42,418.0","39,202.0","608.38M","-6.27%"
"2022년 04월 10일","42,138.0","42,760.0","43,421.0","41,884.0","255.83M","-1.47%"
"2022년 04월 09일","42,767.0","42,275.0","42,809.0","42,129.0","165.16M","1.16%"
"2022년 04월 08일","42,275.0","43,450.0","43,979.0","42,113.0","467.83M","-2.70%"
"2022년 04월 07일","43,448.0","43,166.0","43,893.0","42,747.0","390.85M","0.64%"
"2022년 04월 06일","43,173.0","45,494.0","45,519.0","43,122.0","649.52M","-5.13%"
"2022년 04월 05일","45,506.0","46,614.0","47,201.0","45,388.0","421.11M","-2.41%"
"2022년 04월 04일","46,629.0","46,407.0","46,899.0","45,152.0","446.12M","0.48%"
"2022년 04월 03일","46,407.0","45,813.0","47,435.0","45,554.0","398.86M","1.30%"
"2022년 04월 02일","45,811.0","46,299.0","47,212.0","45,641.0","345.93M","-1.05%"
"2022년 04월 01일","46,297.0","45,529.0","46,728.0","44,261.0","632.93M","1.70%"
"2022년 03월 31일","45,525.0","47,071.0","47,624.0","45,228.0","520.00M","-3.29%"
"2022년 03월 30일","47,075.0","47,449.0","47,714.0","46,601.0","467.76M","-0.79%"
"2022년 03월 29일","47,449.0","47,126.0","48,127.0","47,029.0","478.82M","0.73%"
"2022년 03월 28일","47,105.0","46,859.0","48,199.0","46,672.0","610.27M","0.52%"
"2022년 03월 27일","46,859.0","44,542.0","46,947.0","44,445.0","388.79M","5.19%"
"2022년 03월 26일","44,548.0","44,331.0","44,818.0","44,090.0","196.30M","0.49%"
"2022년 03월 25일","44,331.0","44,013.0","45,112.0","43,622.0","494.09M","0.72%"
"2022년 03월 24일","44,013.0","42,911.0","44,251.0","42,658.0","491.66M","2.57%"
"2022년 03월 23일","42,912.0","42,373.0","43,027.0","41,795.0","433.96M","1.27%"
"2022년 03월 22일","42,373.0","41,022.0","43,327.9","40,893.0","537.06M","3.29%"
"2022년 03월 21일","41,022.0","41,282.0","41,532.0","40,530.0","406.62M","-0.62%"
"2022년 03월 20일","41,276.0","42,241.0","42,301.0","40,922.0","308.45M","-2.27%"
"2022년 03월 19일","42,233.0","41,768.0","42,386.0","41,529.6","224.59M","1.11%"
"2022년 03월 18일","41,767.8","40,914.6","42,308.4","40,234.8","2.31B","2.08%"
"2022년 03월 17일","40,914.8","41,118.7","41,406.0","40,557.8","1.90B","-0.50%"
"2022년 03월 16일","41,118.7","39,282.5","41,701.6","38,953.2","4.47B","4.67%"
"2022년 03월 15일","39,285.7","39,673.0","39,854.7","38,220.9","2.25B","-0.97%"
"2022년 03월 14일","39,671.1","37,789.5","39,914.3","37,613.6","2.33B","4.97%"
"2022년 03월 13일","37,792.4","38,813.2","39,272.3","37,603.4","1.55B","-2.63%"
"2022년 03월 12일","38,814.3","38,730.2","39,355.3","38,666.5","1.11B","0.22%"
"2022년 03월 11일","38,730.2","39,422.5","40,177.0","38,236.4","2.79B","-1.74%"
"2022년 03월 10일","39,416.3","41,933.9","42,029.1","38,603.5","3.62B","-5.99%"
"2022년 03월 09일","41,929.0","38,731.5","42,538.5","38,663.3","3.60B","8.22%"
"2022년 03월 08일","38,744.8","38,020.6","39,351.5","37,886.6","2.67B","1.89%"
"2022년 03월 07일","38,024.8","38,420.6","39,532.0","37,182.1","3.02B","-0.99%"
"2022년 03월 06일","38,403.1","39,396.3","39,668.1","38,115.0","1.93B","-2.52%"
"2022년 03월 05일","39,395.8","39,142.8","39,600.2","38,626.1","1.50B","0.65%"
"2022년 03월 04일","39,142.7","42,463.0","42,848.7","38,594.9","3.21B","-7.82%"
"2022년 03월 03일","42,463.0","43,912.8","44,077.2","41,840.8","74.11K","-3.30%"
"2022년 03월 02일","43,912.8","44,420.3","45,294.2","43,361.3","80.82K","-1.14%"
"2022년 03월 01일","44,420.3","43,187.2","44,900.5","42,876.6","90.67K","2.85%"
"2022년 02월 28일","43,188.2","37,707.2","43,977.8","37,458.9","108.07K","14.59%"
"2022년 02월 27일","37,689.1","39,116.6","39,838.5","37,062.3","66.14K","-3.65%"
"2022년 02월 26일","39,115.5","39,221.6","40,094.5","38,639.1","41.55K","-0.24%"
"2022년 02월 25일","39,209.6","38,339.2","39,683.7","38,042.6","83.78K","2.27%"
"2022년 02월 24일","38,339.2","37,250.2","39,351.6","34,357.4","180.47K","2.99%"
"2022년 02월 23일","37,224.6","38,248.2","39,194.5","37,099.5","64.84K","-2.68%"
"2022년 02월 22일","38,248.2","37,018.3","38,414.9","36,399.6","82.75K","3.32%"
"2022년 02월 21일","37,017.7","38,355.0","39,444.1","36,868.9","91.82K","-3.49%"
"2022년 02월 20일","38,355.0","40,089.6","40,120.3","38,042.2","47.92K","-4.33%"
"2022년 02월 19일","40,090.3","40,000.1","40,434.3","39,666.6","25.78K","0.23%"
"2022년 02월 18일","40,000.1","40,532.5","40,935.5","39,505.0","64.96K","-1.36%"
"2022년 02월 17일","40,552.8","43,885.5","44,167.1","40,103.8","72.63K","-7.59%"
"2022년 02월 16일","43,883.6","44,540.9","44,552.9","43,377.6","41.40K","-1.48%"
"2022년 02월 15일","44,544.4","42,550.3","44,722.6","42,460.1","56.34K","4.69%"
"2022년 02월 14일","42,550.3","42,061.1","42,799.7","41,591.3","53.60K","1.16%"
"2022년 02월 13일","42,061.1","42,205.5","42,725.1","41,880.1","25.88K","-0.34%"
"2022년 02월 12일","42,205.2","42,388.4","43,006.4","41,776.8","37.88K","-0.43%"
"2022년 02월 11일","42,388.4","43,519.3","43,915.1","42,023.4","69.95K","-2.60%"
"2022년 02월 10일","43,521.0","44,388.9","45,755.2","43,242.5","89.69K","-1.96%"
"2022년 02월 09일","44,388.9","44,038.2","44,800.4","43,163.0","50.92K","0.80%"
"2022년 02월 08일","44,038.2","43,833.9","45,399.8","42,705.0","92.88K","0.47%"
"2022년 02월 07일","43,833.9","42,385.2","44,468.3","41,695.4","76.60K","3.40%"
"2022년 02월 06일","42,392.2","41,411.9","42,614.8","41,176.3","31.20K","2.37%"
"2022년 02월 05일","41,412.1","41,566.5","41,899.8","40,963.3","46.32K","-0.37%"
"2022년 02월 04일","41,567.6","37,287.8","41,689.0","37,041.1","95.49K","11.48%"
"2022년 02월 03일","37,287.8","36,890.2","37,304.3","36,297.3","50.35K","1.08%"
"2022년 02월 02일","36,890.2","38,711.2","38,853.8","36,682.3","53.74K","-4.70%"
"2022년 02월 01일","38,709.7","38,475.6","39,230.0","38,037.9","55.20K","0.55%"
"2022년 01월 31일","38,498.6","37,923.8","38,701.4","36,672.8","61.27K","1.53%"
"2022년 01월 30일","37,917.7","38,167.5","38,313.3","37,390.6","34.10K","-0.66%"
"2022년 01월 29일","38,170.8","37,736.5","38,663.7","37,350.2","42.77K","1.13%"
"2022년 01월 28일","37,745.1","37,195.6","37,995.9","36,176.5","69.45K","1.56%"
"2022년 01월 27일","37,164.3","36,800.1","37,215.4","35,543.2","83.52K","0.99%"
"2022년 01월 26일","36,800.4","36,962.3","38,862.6","36,280.0","107.87K","-0.41%"
"2022년 01월 25일","36,950.6","36,691.3","37,501.8","35,729.3","79.68K","0.72%"
"2022년 01월 24일","36,686.3","36,268.6","37,424.0","32,985.6","153.77K","1.15%"
"2022년 01월 23일","36,269.5","35,072.9","36,513.0","34,655.2","70.43K","3.40%"
"2022년 01월 22일","35,075.2","36,467.7","36,749.8","34,116.0","138.09K","-3.84%"
"2022년 01월 21일","36,475.5","40,698.1","41,104.6","35,503.9","155.80K","-10.41%"
"2022년 01월 20일","40,715.9","41,683.6","43,487.1","40,568.3","65.28K","-2.31%"
"2022년 01월 19일","41,677.8","42,365.3","42,558.0","41,160.9","53.77K","-1.62%"
"2022년 01월 18일","42,364.6","42,209.9","42,674.2","41,300.7","47.32K","0.37%"
"2022년 01월 17일","42,209.3","43,080.5","43,179.6","41,559.4","41.44K","-2.02%"
"2022년 01월 16일","43,079.1","43,079.2","43,462.0","42,643.3","28.66K","-0.04%"
"2022년 01월 15일","43,097.0","43,073.6","43,777.9","42,586.1","31.44K","0.06%"
"2022년 01월 14일","43,073.3","42,562.2","43,435.1","41,848.7","50.50K","1.21%"
"2022년 01월 13일","42,560.0","43,900.0","44,404.7","42,337.5","53.42K","-3.05%"
"2022년 01월 12일","43,901.0","42,735.0","44,243.6","42,476.7","53.95K","2.73%"
"2022년 01월 11일","42,733.2","41,829.1","43,090.2","41,287.6","61.78K","2.15%"
"2022년 01월 10일","41,832.2","41,848.9","42,243.8","39,697.0","85.50K","-0.04%"
"2022년 01월 09일","41,848.3","41,681.2","42,764.4","41,260.9","37.51K","0.42%"
"2022년 01월 08일","41,672.0","41,551.3","42,304.4","40,574.3","52.54K","0.30%"
"2022년 01월 07일","41,546.7","43,097.9","43,127.7","40,810.0","88.36K","-3.60%"
"2022년 01월 06일","43,097.5","43,431.6","43,772.3","42,481.1","63.08K","-0.76%"
"2022년 01월 05일","43,425.9","45,833.1","47,019.4","42,535.1","83.74K","-5.26%"
"2022년 01월 04일","45,837.3","46,435.7","47,505.4","45,602.1","55.59K","-1.28%"
"2022년 01월 03일","46,430.2","47,293.9","47,556.0","45,704.0","41.06K","-1.86%"
"2022년 01월 02일","47,311.8","47,738.7","47,944.9","46,718.2","27.02K","-0.89%"
"2022년 01월 01일","47,738.0","46,217.5","47,917.6","46,217.5","31.24K","3.29%"
"2021년 12월 31일","46,219.5","47,123.3","48,553.9","45,693.6","58.18K","-1.92%"
"2021년 12월 30일","47,123.3","46,470.7","47,901.4","46,003.0","60.96K","1.42%"
"2021년 12월 29일","46,461.7","47,548.4","48,121.7","46,127.8","63.92K","-2.28%"
"2021년 12월 28일","47,545.2","50,703.4","50,703.8","47,345.7","74.39K","-6.18%"
"2021년 12월 27일","50,678.2","50,783.6","52,016.3","50,459.0","43.90K","-0.20%"
"2021년 12월 26일","50,779.9","50,404.0","51,247.0","49,527.0","32.34K","0.74%"
"2021년 12월 25일","50,406.4","50,789.6","51,140.2","50,196.8","26.67K","-0.75%"
"2021년 12월 24일","50,786.1","50,807.4","51,795.3","50,428.4","45.97K","-0.03%"
"2021년 12월 23일","50,801.0","48,599.6","51,355.6","48,053.4","56.24K","4.53%"
"2021년 12월 22일","48,599.7","48,898.7","49,540.3","48,449.7","40.89K","-0.62%"
"2021년 12월 21일","48,902.0","46,900.1","49,306.1","46,654.0","57.88K","4.28%"
"2021년 12월 20일","46,895.2","46,703.4","47,488.9","45,577.3","57.53K","0.41%"
"2021년 12월 19일","46,704.5","46,855.7","48,270.2","46,438.4","44.05K","-0.32%"
"2021년 12월 18일","46,856.2","46,171.8","47,330.2","45,513.4","36.93K","1.48%"
"2021년 12월 17일","46,172.2","47,630.4","47,997.2","45,523.8","67.50K","-3.06%"
"2021년 12월 16일","47,628.2","48,876.6","49,387.8","47,543.9","48.20K","-2.54%"
"2021년 12월 15일","48,871.5","48,366.2","49,477.9","46,572.6","80.28K","1.04%"
"2021년 12월 14일","48,366.5","46,709.8","48,635.0","46,338.3","62.54K","3.56%"
"2021년 12월 13일","46,703.6","50,075.9","50,196.1","45,848.2","80.37K","-6.74%"
"2021년 12월 12일","50,081.0","49,332.5","50,779.2","48,670.5","40.30K","1.55%"
"2021년 12월 11일","49,314.5","47,138.4","49,487.0","46,834.0","45.23K","4.62%"
"2021년 12월 10일","47,137.2","47,591.7","49,974.8","47,007.1","68.06K","-0.97%"
"2021년 12월 09일","47,596.6","50,477.6","50,790.2","47,341.9","58.69K","-5.70%"
"2021년 12월 08일","50,473.9","50,596.6","51,204.7","48,700.7","55.59K","-0.24%"
"2021년 12월 07일","50,595.2","50,547.4","51,918.6","50,070.9","56.29K","0.07%"
"2021년 12월 06일","50,562.1","49,412.1","50,913.3","47,237.9","89.68K","2.34%"
"2021년 12월 05일","49,405.5","49,196.4","49,689.3","47,797.8","72.03K","0.43%"
"2021년 12월 04일","49,195.2","53,620.7","53,847.2","42,587.8","168.00K","-8.27%"
"2021년 12월 03일","53,631.5","56,495.2","57,543.6","52,008.9","89.20K","-5.07%"
"2021년 12월 02일","56,496.0","57,207.8","57,377.5","55,807.9","54.94K","-1.25%"
"2021년 12월 01일","57,210.3","56,891.7","59,064.3","56,496.5","66.75K","0.58%"
"2021년 11월 30일","56,882.9","57,795.2","59,174.4","55,936.9","73.66K","-1.58%"
"2021년 11월 29일","57,794.8","57,288.1","58,855.2","56,726.7","58.65K","0.88%"
"2021년 11월 28일","57,291.5","54,758.0","57,392.3","53,448.3","49.28K","4.61%"
"2021년 11월 27일","54,765.9","53,747.2","55,280.3","53,654.3","40.71K","1.93%"
"2021년 11월 26일","53,730.9","58,937.3","59,151.1","53,533.5","104.03K","-8.83%"
"2021년 11월 25일","58,935.1","57,167.1","59,387.3","57,029.8","56.79K","3.08%"
"2021년 11월 24일","57,171.7","57,559.4","57,697.4","55,910.6","56.68K","-0.70%"
"2021년 11월 23일","57,573.2","56,304.8","57,855.1","55,542.5","72.48K","2.25%"
"2021년 11월 22일","56,308.8","58,719.7","59,288.3","55,656.8","76.45K","-4.10%"
"2021년 11월 21일","58,714.3","59,724.0","60,002.6","58,528.3","40.98K","-1.68%"
"2021년 11월 20일","59,717.6","58,080.8","59,854.6","57,435.3","44.53K","2.81%"
"2021년 11월 19일","58,083.4","56,908.3","58,335.9","55,626.3","74.44K","1.98%"
"2021년 11월 18일","56,955.3","60,368.2","60,936.9","56,524.4","100.37K","-5.65%"
"2021년 11월 17일","60,367.8","60,074.2","60,814.5","58,531.9","73.93K","0.46%"
"2021년 11월 16일","60,089.1","63,605.1","63,605.6","58,655.9","115.36K","-5.52%"
"2021년 11월 15일","63,597.9","65,514.9","66,311.2","63,439.5","53.53K","-2.92%"
"2021년 11월 14일","65,508.2","64,397.2","65,508.2","63,608.3","33.98K","1.72%"
"2021년 11월 13일","64,398.6","64,133.3","64,906.0","63,381.4","30.34K","0.41%"
"2021년 11월 12일","64,134.5","64,782.6","65,449.7","62,309.7","63.27K","-1.04%"
"2021년 11월 11일","64,806.7","64,922.8","65,583.3","64,121.9","50.37K","-0.19%"
"2021년 11월 10일","64,932.6","66,942.6","68,990.6","62,951.3","96.21K","-2.95%"
"2021년 11월 09일","66,904.4","67,528.7","68,493.3","66,334.9","66.13K","-0.92%"
"2021년 11월 08일","67,527.9","63,276.4","67,763.3","63,276.4","81.08K","6.72%"
"2021년 11월 07일","63,273.2","61,483.8","63,273.2","61,347.2","34.34K","2.91%"
"2021년 11월 06일","61,483.9","60,973.2","61,543.2","60,093.6","34.89K","0.84%"
"2021년 11월 05일","60,974.3","61,411.5","62,560.3","60,742.4","44.46K","-0.71%"
"2021년 11월 04일","61,412.6","62,915.4","63,077.6","60,742.9","49.91K","-2.39%"
"2021년 11월 03일","62,918.5","63,223.5","63,508.6","60,883.0","61.05K","-0.48%"
"2021년 11월 02일","63,221.7","60,912.2","64,256.4","60,651.5","65.26K","3.79%"
"2021년 11월 01일","60,915.3","61,310.1","62,430.1","59,612.7","61.21K","-0.64%"
"2021년 10월 31일","61,309.6","61,842.2","62,393.7","60,005.7","50.06K","-0.86%"
"2021년 10월 30일","61,840.1","62,245.0","62,338.5","60,786.0","40.51K","-0.65%"
"2021년 10월 29일","62,242.8","60,579.9","62,952.2","60,322.2","63.39K","2.74%"
"2021년 10월 28일","60,582.5","58,437.2","62,251.3","58,128.1","88.47K","3.67%"
"2021년 10월 27일","58,438.1","60,312.5","61,452.9","58,112.6","88.11K","-3.11%"
"2021년 10월 26일","60,310.8","63,067.5","63,275.1","59,907.3","57.13K","-4.37%"
"2021년 10월 25일","63,067.0","60,864.3","63,694.8","60,655.8","51.06K","3.62%"
"2021년 10월 24일","60,866.5","61,308.2","61,469.9","59,523.7","42.67K","-0.73%"
"2021년 10월 23일","61,312.5","60,693.2","61,728.7","59,738.3","37.05K","1.03%"
"2021년 10월 22일","60,690.3","62,200.8","63,699.7","60,055.7","75.69K","-2.44%"
"2021년 10월 21일","62,210.2","66,004.6","66,616.9","62,092.1","105.38K","-5.71%"
"2021년 10월 20일","65,979.1","64,276.9","66,967.1","63,543.7","79.87K","2.65%"
"2021년 10월 19일","64,278.5","62,030.2","64,454.0","61,451.0","80.16K","3.58%"
"2021년 10월 18일","62,056.3","61,525.8","62,623.6","60,026.9","80.15K","0.86%"
"2021년 10월 17일","61,527.5","60,865.5","61,651.4","59,143.4","53.39K","1.09%"
"2021년 10월 16일","60,861.1","61,669.2","62,329.2","60,161.9","49.93K","-1.32%"
"2021년 10월 15일","61,672.5","57,348.2","62,892.8","56,874.8","121.48K","7.54%"
"2021년 10월 14일","57,345.8","57,370.4","58,506.5","56,866.8","59.84K","-0.06%"
"2021년 10월 13일","57,380.1","56,014.5","57,697.4","54,314.4","73.62K","2.44%"
"2021년 10월 12일","56,015.9","57,480.6","57,635.7","54,155.4","74.85K","-2.54%"
"2021년 10월 11일","57,477.3","54,686.9","57,814.1","54,457.8","73.84K","5.10%"
"2021년 10월 10일","54,687.7","54,942.5","56,432.2","54,100.8","104.43K","-0.46%"
"2021년 10월 09일","54,942.5","53,924.1","55,430.8","53,711.7","64.65K","1.91%"
"2021년 10월 08일","53,914.7","53,785.5","55,977.9","53,659.3","64.05K","0.24%"
"2021년 10월 07일","53,783.9","55,325.2","55,325.6","53,476.4","75.68K","-2.78%"
"2021년 10월 06일","55,323.2","51,470.0","55,676.1","50,439.5","116.26K","7.49%"
"2021년 10월 05일","51,469.3","49,229.5","51,872.4","49,060.1","76.63K","4.55%"
"2021년 10월 04일","49,227.3","48,200.4","49,481.7","46,958.6","66.92K","2.13%"
"2021년 10월 03일","48,200.1","47,665.4","49,165.2","47,123.0","42.41K","1.12%"
"2021년 10월 02일","47,666.9","48,147.2","48,306.9","47,451.7","39.82K","-1.00%"
"2021년 10월 01일","48,146.0","43,824.4","48,435.2","43,292.9","94.66K","9.86%"
"2021년 09월 30일","43,823.3","41,534.5","44,101.2","41,416.7","64.32K","5.50%"
"2021년 09월 29일","41,536.8","41,023.1","42,571.2","40,815.0","48.21K","1.25%"
"2021년 09월 28일","41,022.3","42,169.9","42,758.8","40,906.4","60.01K","-2.73%"
"2021년 09월 27일","42,172.6","43,200.9","44,293.2","42,143.9","54.12K","-2.39%"
"2021년 09월 26일","43,203.4","42,685.8","43,907.3","40,786.6","69.91K","1.21%"
"2021년 09월 25일","42,686.8","42,818.7","42,959.3","41,714.5","46.35K","-0.31%"
"2021년 09월 24일","42,819.9","44,867.4","45,112.0","40,908.5","128.88K","-4.57%"
"2021년 09월 23일","44,869.2","43,550.7","44,949.8","43,090.1","74.54K","3.03%"
"2021년 09월 22일","43,551.6","40,660.8","43,976.7","40,585.7","93.98K","7.13%"
"2021년 09월 21일","40,651.3","43,012.3","43,619.3","39,646.8","142.55K","-5.18%"
"2021년 09월 20일","42,870.6","47,240.8","47,323.9","42,547.1","77.96K","-9.25%"
"2021년 09월 19일","47,238.7","48,299.9","48,341.9","46,866.6","41.98K","-2.21%"
"2021년 09월 18일","48,306.7","47,283.9","48,761.0","47,070.5","43.64K","2.17%"
"2021년 09월 17일","47,282.8","47,748.2","48,155.9","46,788.8","50.16K","-0.97%"
"2021년 09월 16일","47,748.0","48,132.3","48,480.6","47,040.3","60.91K","-0.80%"
"2021년 09월 15일","48,130.6","47,070.8","48,436.5","46,743.9","63.40K","2.24%"
"2021년 09월 14일","47,077.5","44,950.2","47,247.6","44,718.7","65.33K","4.73%"
"2021년 09월 13일","44,949.5","46,060.8","46,807.7","43,463.2","96.15K","-2.42%"
"2021년 09월 12일","46,062.3","45,162.6","46,386.4","44,755.2","44.52K","1.99%"
"2021년 09월 11일","45,161.9","44,844.9","45,975.6","44,766.6","41.58K","0.71%"
"2021년 09월 10일","44,842.8","46,385.9","47,021.6","44,283.6","75.62K","-3.33%"
"2021년 09월 09일","46,385.6","46,057.6","47,305.7","45,609.0","73.63K","0.70%"
"2021년 09월 08일","46,061.4","46,774.1","47,316.9","44,493.7","100.48K","-1.54%"
"2021년 09월 07일","46,779.6","52,674.2","52,885.3","43,072.4","187.56K","-11.19%"
"2021년 09월 06일","52,672.1","51,769.4","52,726.2","51,002.8","69.46K","1.75%"
"2021년 09월 05일","51,768.6","49,918.7","51,878.2","49,492.4","57.30K","3.71%"
"2021년 09월 04일","49,918.4","49,999.3","50,534.6","49,461.4","48.14K","-0.16%"
"2021년 09월 03일","49,999.0","49,269.5","51,008.8","48,377.3","88.08K","1.47%"
"2021년 09월 02일","49,274.3","48,817.8","50,355.3","48,612.9","80.21K","0.93%"
"2021년 09월 01일","48,819.4","47,129.2","49,121.0","46,533.1","74.38K","3.58%"
"2021년 08월 31일","47,130.4","46,989.1","48,217.0","46,709.3","71.48K","0.29%"
"2021년 08월 30일","46,992.7","48,777.1","48,886.0","46,876.9","61.68K","-3.66%"
"2021년 08월 29일","48,777.4","48,899.7","49,621.7","47,870.1","47.62K","-0.24%"
"2021년 08월 28일","48,897.1","49,062.8","49,289.4","48,428.5","36.73K","-0.34%"
"2021년 08월 27일","49,064.3","46,830.2","49,142.0","46,371.5","62.47K","4.77%"
"2021년 08월 26일","46,831.6","48,994.4","49,347.8","46,360.4","73.79K","-4.41%"
"2021년 08월 25일","48,994.5","47,707.4","49,230.2","47,163.3","63.54K","2.68%"
"2021년 08월 24일","47,714.7","49,532.5","49,847.4","47,623.6","74.26K","-3.68%"
"2021년 08월 23일","49,539.7","49,255.4","50,498.8","49,038.6","75.37K","0.58%"
"2021년 08월 22일","49,254.5","48,870.4","49,480.3","48,151.0","49.32K","0.77%"
"2021년 08월 21일","48,875.8","49,330.0","49,719.1","48,293.5","18.20K","-0.91%"
"2021년 08월 20일","49,324.0","46,756.7","49,343.3","46,646.8","83.19K","5.49%"
"2021년 08월 19일","46,755.9","44,725.9","47,012.3","43,986.7","77.92K","4.54%"
"2021년 08월 18일","44,723.8","44,691.1","46,004.9","44,230.0","22.36K","0.07%"
"2021년 08월 17일","44,691.6","45,907.5","47,140.6","44,441.3","84.14K","-2.84%"
"2021년 08월 16일","45,996.3","46,991.6","48,002.4","45,672.1","2.41K","-2.12%"
"2021년 08월 15일","46,991.3","47,082.6","47,344.1","45,564.1","58.11K","-0.19%"
"2021년 08월 14일","47,081.5","47,809.6","48,090.9","46,117.2","64.29K","-1.52%"
"2021년 08월 13일","47,809.1","44,404.0","47,836.0","44,242.4","75.27K","7.67%"
"2021년 08월 12일","44,403.4","45,562.3","46,213.8","43,814.7","81.07K","-2.55%"
"2021년 08월 11일","45,564.3","45,593.2","46,736.5","45,367.9","75.43K","-0.06%"
"2021년 08월 10일","45,593.8","46,281.8","46,663.4","44,681.2","80.55K","-1.49%"
"2021년 08월 09일","46,284.3","43,794.9","46,460.7","42,824.1","117.08K","5.69%"
"2021년 08월 08일","43,792.8","44,584.9","45,284.1","43,314.4","105.25K","-1.84%"
"2021년 08월 07일","44,614.2","42,784.7","44,697.3","42,611.0","112.84K","4.25%"
"2021년 08월 06일","42,795.4","40,868.4","43,253.4","39,905.4","111.93K","4.72%"
"2021년 08월 05일","40,867.2","39,734.4","41,366.3","37,365.4","130.60K","2.84%"
"2021년 08월 04일","39,736.9","38,188.4","39,956.5","37,556.0","79.22K","4.21%"
"2021년 08월 03일","38,130.3","39,167.4","39,766.6","37,688.2","0.26K","-2.65%"
"2021년 08월 02일","39,168.4","39,869.8","40,449.0","38,692.5","74.81K","-1.78%"
"2021년 08월 01일","39,878.3","41,510.0","42,565.0","39,556.5","80.33K","-4.03%"
"2021년 07월 31일","41,553.7","42,201.4","42,285.3","41,066.4","44.65K","-1.54%"
"2021년 07월 30일","42,203.4","40,001.1","42,264.4","38,358.4","98.45K","5.50%"
"2021년 07월 29일","40,001.4","40,009.0","40,630.7","39,340.8","75.30K","-0.00%"
"2021년 07월 28일","40,003.2","39,450.4","40,862.2","38,883.8","148.92K","1.40%"
"2021년 07월 27일","39,452.0","37,294.3","39,455.9","36,427.4","100.24K","5.84%"
"2021년 07월 26일","37,276.6","35,392.3","40,522.9","35,236.7","177.63K","5.33%"
"2021년 07월 25일","35,391.1","34,392.5","35,391.1","33,881.3","65.10K","4.63%"
"2021년 07월 24일","33,824.8","33,600.5","33,955.0","33,412.9","67.14K","0.66%"
"2021년 07월 23일","33,603.3","32,297.9","33,605.6","32,041.1","66.15K","4.04%"
"2021년 07월 22일","32,298.9","32,131.7","32,585.4","31,729.4","64.87K","0.52%"
"2021년 07월 21일","32,131.4","29,794.7","32,794.6","29,519.3","118.34K","7.85%"
"2021년 07월 20일","29,793.8","30,835.4","31,040.8","29,310.2","97.46K","-3.38%"
"2021년 07월 19일","30,837.2","31,782.9","31,887.0","30,478.2","77.48K","-2.98%"
"2021년 07월 18일","31,785.4","31,517.9","32,408.2","31,220.6","57.01K","0.85%"
"2021년 07월 17일","31,518.6","31,384.4","31,914.8","31,207.8","58.06K","0.40%"
"2021년 07월 16일","31,394.0","31,842.3","32,239.8","31,062.2","70.48K","-1.40%"
"2021년 07월 15일","31,840.5","32,820.5","33,157.0","31,175.8","76.95K","-2.99%"
"2021년 07월 14일","32,820.7","32,727.8","33,051.9","31,611.2","69.56K","0.28%"
"2021년 07월 13일","32,728.1","33,106.1","33,307.7","32,259.5","60.04K","-1.16%"
"2021년 07월 12일","33,113.0","34,228.3","34,598.0","32,662.8","63.24K","-3.26%"
"2021년 07월 11일","34,227.7","33,510.8","34,580.6","33,319.8","35.72K","2.14%"
"2021년 07월 10일","33,510.6","33,797.7","34,221.0","33,056.8","50.94K","-0.85%"
"2021년 07월 09일","33,797.4","32,866.3","34,079.2","32,367.0","67.14K","2.83%"
"2021년 07월 08일","32,866.3","33,859.4","33,923.2","32,146.9","108.09K","-2.96%"
"2021년 07월 07일","33,867.8","34,228.7","35,036.6","33,801.3","72.03K","-1.05%"
"2021년 07월 06일","34,225.6","33,688.5","35,062.0","33,581.7","83.63K","1.60%"
"2021년 07월 05일","33,687.8","35,297.0","35,300.5","33,164.1","88.36K","-4.56%"
"2021년 07월 04일","35,298.2","34,742.8","35,957.6","34,740.1","56.13K","1.60%"
"2021년 07월 03일","34,742.8","33,814.2","34,909.8","33,363.3","55.69K","2.75%"
"2021년 07월 02일","33,813.4","33,542.2","33,925.9","32,734.6","78.93K","0.80%"
"2021년 07월 01일","33,543.6","35,030.7","35,032.7","32,839.2","27.41K","-4.23%"
"2021년 06월 30일","35,026.9","35,832.6","36,089.5","34,126.6","107.07K","-2.25%"
"2021년 06월 29일","35,834.7","34,477.3","36,590.3","34,247.6","97.27K","3.94%"
"2021년 06월 28일","34,475.9","34,682.2","35,231.2","33,944.9","112.00K","-0.58%"
"2021년 06월 27일","34,678.5","32,247.1","34,685.5","32,041.7","148.80K","7.55%"
"2021년 06월 26일","32,243.4","31,592.1","32,643.0","30,206.9","156.67K","2.06%"
"2021년 06월 25일","31,594.0","34,660.5","35,490.9","31,337.9","193.43K","-8.86%"
"2021년 06월 24일","34,665.8","33,678.1","35,249.9","32,356.7","119.25K","2.94%"
"2021년 06월 23일","33,674.3","32,498.3","34,784.3","31,736.5","173.34K","3.62%"
"2021년 06월 22일","32,496.4","31,682.7","33,272.5","28,901.8","309.65K","2.54%"
"2021년 06월 21일","31,692.0","35,597.9","35,708.4","31,284.1","256.87K","-10.97%"
"2021년 06월 20일","35,595.8","35,510.9","36,097.9","33,378.0","137.48K","0.23%"
"2021년 06월 19일","35,513.4","35,770.0","36,357.3","34,845.5","105.46K","-0.66%"
"2021년 06월 18일","35,749.4","38,045.5","38,166.0","35,198.5","102.84K","-6.05%"
"2021년 06월 17일","38,052.0","38,337.8","39,529.9","37,425.3","109.58K","-0.74%"
"2021년 06월 16일","38,336.0","40,148.1","40,494.4","38,156.4","123.52K","-4.53%"
"2021년 06월 15일","40,156.1","40,522.5","41,318.0","39,589.9","117.55K","-0.92%"
"2021년 06월 14일","40,529.4","39,024.1","40,970.4","38,769.9","157.35K","3.86%"
"2021년 06월 13일","39,022.9","35,467.5","39,321.6","34,827.0","123.32K","10.02%"
"2021년 06월 12일","35,467.5","37,334.4","37,437.3","34,703.3","87.73K","-4.95%"
"2021년 06월 11일","37,314.6","36,654.3","37,641.1","36,003.3","109.15K","1.81%"
"2021년 06월 10일","36,649.4","37,375.2","38,340.8","35,824.0","154.32K","-1.83%"
"2021년 06월 09일","37,332.2","33,385.5","37,517.6","32,428.6","209.82K","11.83%"
"2021년 06월 08일","33,382.9","33,574.6","34,047.8","31,158.1","193.54K","-0.58%"
"2021년 06월 07일","33,578.0","35,815.4","36,754.6","33,410.1","119.50K","-6.25%"
"2021년 06월 06일","35,815.4","35,518.7","36,434.0","35,265.3","62.20K","0.83%"
"2021년 06월 05일","35,520.0","36,841.2","37,887.6","34,832.0","101.48K","-3.61%"
"2021년 06월 04일","36,851.3","39,191.4","39,255.4","35,659.9","127.71K","-5.96%"
"2021년 06월 03일","39,187.3","37,555.7","39,462.3","37,193.6","106.44K","4.34%"
"2021년 06월 02일","37,555.8","36,687.7","38,199.9","35,981.1","96.89K","2.37%"
"2021년 06월 01일","36,687.6","37,294.3","37,850.3","35,742.7","113.48K","-1.64%"
"2021년 05월 31일","37,298.6","35,644.0","37,480.7","34,213.2","131.70K","4.62%"
"2021년 05월 30일","35,652.8","34,589.3","36,388.6","33,441.0","104.18K","3.09%"
"2021년 05월 29일","34,584.6","35,664.5","37,227.1","33,664.2","160.43K","-3.02%"
"2021년 05월 28일","35,662.5","38,543.2","38,844.1","34,772.4","199.58K","-7.17%"
"2021년 05월 27일","38,417.3","39,249.0","40,322.2","37,190.8","122.93K","-2.12%"
"2021년 05월 26일","39,249.2","38,375.7","40,750.0","37,847.0","153.80K","2.27%"
"2021년 05월 25일","38,378.3","38,753.6","39,740.8","36,540.7","163.01K","-0.96%"
"2021년 05월 24일","38,750.6","34,720.3","39,851.7","34,474.6","244.88K","11.74%"
"2021년 05월 23일","34,679.7","37,446.8","38,248.7","31,192.4","325.73K","-7.39%"
"2021년 05월 22일","37,448.3","37,291.0","38,776.0","35,314.9","185.83K","0.40%"
"2021년 05월 21일","37,297.4","40,611.2","42,108.3","33,592.3","315.50K","-8.40%"
"2021년 05월 20일","40,717.2","36,706.8","42,425.9","35,010.4","269.75K","10.88%"
"2021년 05월 19일","36,720.5","42,898.3","43,516.6","30,261.7","607.10K","-14.40%"
"2021년 05월 18일","42,897.3","43,538.5","45,770.9","42,293.9","154.96K","-1.48%"
"2021년 05월 17일","43,541.3","46,424.2","46,545.4","42,201.5","274.76K","-6.21%"
"2021년 05월 16일","46,426.4","46,729.3","49,764.3","43,920.8","180.07K","-0.60%"
"2021년 05월 15일","46,708.8","49,839.1","50,640.9","46,650.2","131.91K","-6.28%"
"2021년 05월 14일","49,839.8","49,704.9","51,459.2","48,874.0","118.84K","0.27%"
"2021년 05월 13일","49,704.6","49,398.2","51,337.3","46,331.1","236.71K","0.65%"
"2021년 05월 12일","49,384.2","56,694.5","57,938.5","49,187.0","160.74K","-12.90%"
"2021년 05월 11일","56,695.7","55,846.1","56,871.1","54,550.4","96.47K","1.52%"
"2021년 05월 10일","55,848.9","58,251.2","59,523.9","53,678.3","142.61K","-4.10%"
"2021년 05월 09일","58,238.3","58,840.6","59,227.0","56,414.4","103.59K","-1.02%"
"2021년 05월 08일","58,840.1","57,330.3","59,471.1","56,972.2","101.27K","2.62%"
"2021년 05월 07일","57,337.2","56,411.4","58,639.3","55,300.1","110.01K","1.65%"
"2021년 05월 06일","56,405.4","57,441.0","58,364.9","55,294.5","109.02K","-1.80%"
"2021년 05월 05일","57,441.3","53,872.5","57,936.4","53,872.5","119.82K","6.88%"
"2021년 05월 04일","53,741.5","57,170.6","57,201.3","53,741.5","132.33K","-6.00%"
"2021년 05월 03일","57,169.8","56,605.8","58,925.1","56,562.4","89.24K","1.00%"
"2021년 05월 02일","56,603.8","57,807.2","57,868.4","56,110.5","53.61K","-2.08%"
"2021년 05월 01일","57,807.1","57,719.1","58,449.4","57,029.5","63.41K","0.15%"
"2021년 04월 30일","57,720.3","53,562.3","57,925.6","53,088.7","103.74K","7.77%"
"2021년 04월 29일","53,560.8","54,838.6","55,173.7","52,400.0","83.90K","-2.34%"
"2021년 04월 28일","54,841.4","55,036.0","56,419.9","53,876.4","86.96K","-0.35%"
"2021년 04월 27일","55,036.5","54,011.1","55,427.8","53,345.0","84.08K","1.88%"
"2021년 04월 26일","54,020.5","48,963.5","54,320.9","48,815.9","129.76K","10.33%"
"2021년 04월 25일","48,963.6","50,088.2","50,532.4","47,098.5","59.20K","-2.25%"
"2021년 04월 24일","50,088.9","51,140.8","51,183.0","48,775.2","82.25K","-2.06%"
"2021년 04월 23일","51,143.6","51,707.1","52,099.9","47,659.4","214.46K","-1.13%"
"2021년 04월 22일","51,729.5","53,821.3","55,408.4","50,590.9","168.13K","-3.88%"
"2021년 04월 21일","53,820.2","56,479.5","56,764.4","53,657.6","100.26K","-4.71%"
"2021년 04월 20일","56,483.2","55,645.1","57,054.9","53,422.5","115.49K","1.50%"
"2021년 04월 19일","55,646.1","56,208.1","57,517.0","54,272.3","117.51K","-1.00%"
"2021년 04월 18일","56,207.1","60,043.2","60,362.1","51,817.6","216.81K","-6.39%"
"2021년 04월 17일","60,041.9","61,358.3","62,509.1","59,672.1","84.08K","-2.18%"
"2021년 04월 16일","61,379.7","63,211.6","63,518.5","60,027.3","136.85K","-2.90%"
"2021년 04월 15일","63,216.0","62,978.6","63,729.1","62,067.5","76.97K","0.37%"
"2021년 04월 14일","62,980.4","63,544.2","64,778.0","61,366.3","130.43K","-0.88%"
"2021년 04월 13일","63,540.9","59,863.6","63,659.0","59,839.4","126.56K","6.14%"
"2021년 04월 12일","59,863.8","59,982.1","61,259.9","59,569.2","81.88K","-0.19%"
"2021년 04월 11일","59,978.7","59,772.4","60,667.1","59,250.3","58.20K","0.39%"
"2021년 04월 10일","59,748.4","58,127.4","61,229.0","57,900.0","103.72K","2.80%"
"2021년 04월 09일","58,118.7","58,076.8","58,890.9","57,686.0","59.22K","0.07%"
"2021년 04월 08일","58,077.4","55,948.0","58,136.7","55,721.6","64.78K","3.80%"
"2021년 04월 07일","55,948.7","57,996.3","58,627.7","55,489.3","110.69K","-3.53%"
"2021년 04월 06일","57,996.3","59,169.0","59,487.0","57,403.3","77.15K","-1.69%"
"2021년 04월 05일","58,993.4","58,202.3","59,205.1","56,842.7","54.13K","1.36%"
"2021년 04월 04일","58,199.9","57,059.7","58,464.8","56,470.6","57.21K","2.00%"
"2021년 04월 03일","57,059.9","58,976.8","59,770.5","56,906.7","68.74K","-3.25%"
"2021년 04월 02일","58,977.3","58,718.2","60,134.9","58,466.5","72.37K","0.44%"
"2021년 04월 01일","58,718.3","58,763.2","59,406.5","58,040.7","69.04K","-0.08%"
"2021년 03월 31일","58,763.7","58,771.4","59,795.6","56,991.6","98.06K","-0.01%"
"2021년 03월 30일","58,771.3","57,614.6","59,366.9","57,077.1","86.21K","2.00%"
"2021년 03월 29일","57,616.2","55,764.7","58,392.6","54,951.1","107.91K","3.32%"
"2021년 03월 28일","55,765.2","55,856.9","56,504.2","54,711.3","58.71K","-0.17%"
"2021년 03월 27일","55,862.9","55,033.8","56,531.1","54,010.2","73.87K","1.50%"
"2021년 03월 26일","55,036.1","51,317.4","55,074.1","51,302.0","100.30K","7.24%"
"2021년 03월 25일","51,322.3","52,330.0","53,175.4","50,441.3","143.35K","-1.92%"
"2021년 03월 24일","52,325.4","54,309.1","57,169.4","51,725.4","137.91K","-3.91%"
"2021년 03월 23일","54,452.5","54,117.5","55,813.8","52,992.3","84.84K","0.54%"
"2021년 03월 22일","54,158.3","57,379.3","58,379.9","53,784.2","95.53K","-5.62%"
"2021년 03월 21일","57,383.8","58,097.4","58,583.8","55,583.3","77.47K","-1.22%"
"2021년 03월 20일","58,093.4","58,084.1","59,882.1","57,863.0","67.83K","0.01%"
"2021년 03월 19일","58,088.0","57,645.0","59,448.3","56,305.1","83.98K","0.75%"
"2021년 03월 18일","57,656.0","58,911.8","60,088.0","57,099.6","102.62K","-2.13%"
"2021년 03월 17일","58,913.5","56,892.9","58,933.2","54,253.2","118.26K","3.56%"
"2021년 03월 16일","56,889.7","55,619.5","56,889.7","53,342.6","128.51K","1.97%"
"2021년 03월 15일","55,791.3","59,117.4","60,565.9","55,088.8","117.71K","-5.62%"
"2021년 03월 14일","59,113.7","61,192.7","61,673.7","59,113.7","80.29K","-3.40%"
"2021년 03월 13일","61,195.3","57,267.4","61,795.8","56,118.8","134.64K","6.86%"
"2021년 03월 12일","57,265.1","57,806.2","58,052.3","55,134.5","116.96K","-0.92%"
"2021년 03월 11일","57,799.5","55,851.2","58,135.0","54,351.8","129.63K","3.49%"
"2021년 03월 10일","55,851.9","54,882.7","57,328.7","53,073.6","140.96K","1.77%"
"2021년 03월 09일","54,879.0","52,352.4","54,880.6","51,941.3","114.06K","4.91%"
"2021년 03월 08일","52,311.0","50,988.9","52,384.9","49,338.1","68.14K","2.61%"
"2021년 03월 07일","50,982.3","48,899.0","51,434.1","48,890.6","82.91K","4.35%"
"2021년 03월 06일","48,855.6","48,798.7","49,191.8","47,132.8","66.66K","0.13%"
"2021년 03월 05일","48,792.5","48,363.6","49,429.4","46,370.1","113.64K","0.75%"
"2021년 03월 04일","48,428.0","50,388.0","51,757.7","47,521.8","9.56K","-3.90%"
"2021년 03월 03일","50,395.1","48,422.2","52,567.9","48,159.2","44.93K","4.07%"
"2021년 03월 02일","48,424.2","49,595.6","50,191.9","47,100.6","102.10K","-2.36%"
"2021년 03월 01일","49,595.5","45,160.5","49,774.0","45,008.8","137.52K","9.81%"
"2021년 02월 28일","45,164.0","46,136.0","46,582.0","43,100.6","135.08K","-2.11%"
"2021년 02월 27일","46,136.7","46,333.1","48,335.1","45,059.4","98.75K","-0.45%"
"2021년 02월 26일","46,345.6","46,928.5","48,413.9","44,248.2","189.41K","-1.24%"
"2021년 02월 25일","46,928.5","49,695.9","52,013.8","46,773.7","83.22K","-5.57%"
"2021년 02월 24일","49,697.5","48,911.1","51,311.8","47,031.7","153.75K","1.61%"
"2021년 02월 23일","48,911.2","54,114.1","54,115.0","45,093.8","315.07K","-9.61%"
"2021년 02월 22일","54,111.8","57,437.6","57,480.8","48,353.8","244.95K","-5.78%"
"2021년 02월 21일","57,433.8","55,907.6","58,335.1","55,502.7","87.26K","2.70%"
"2021년 02월 20일","55,923.7","55,922.0","57,523.8","54,124.1","127.85K","0.03%"
"2021년 02월 19일","55,906.6","51,590.1","56,238.5","50,816.8","139.43K","8.38%"
"2021년 02월 18일","51,582.2","52,094.5","52,524.0","50,941.6","94.35K","-0.95%"
"2021년 02월 17일","52,079.2","49,161.3","52,577.7","49,018.1","140.03K","5.92%"
"2021년 02월 16일","49,169.7","47,934.2","50,515.8","47,044.4","141.37K","2.57%"
"2021년 02월 15일","47,936.3","48,611.1","48,936.5","45,786.1","123.18K","-1.45%"
"2021년 02월 14일","48,643.4","47,172.1","49,695.1","47,051.9","106.50K","3.13%"
"2021년 02월 13일","47,168.7","47,373.1","48,097.3","46,270.5","89.42K","-0.43%"
"2021년 02월 12일","47,371.7","47,995.0","48,927.4","46,218.6","133.73K","-1.29%"
"2021년 02월 11일","47,990.7","44,834.8","48,622.1","44,041.1","145.77K","7.04%"
"2021년 02월 10일","44,836.0","46,507.8","47,295.3","43,800.5","151.83K","-3.60%"
"2021년 02월 09일","46,508.6","46,396.4","48,143.5","45,104.7","193.87K","0.24%"
"2021년 02월 08일","46,395.7","38,853.6","46,596.4","38,057.0","248.47K","19.41%"
"2021년 02월 07일","38,852.9","39,228.9","39,691.7","37,381.6","125.37K","-1.03%"
"2021년 02월 06일","39,256.6","38,300.6","40,939.7","38,275.3","156.02K","2.50%"
"2021년 02월 05일","38,297.6","36,976.4","38,303.6","36,640.0","100.60K","3.56%"
"2021년 02월 04일","36,982.1","37,648.9","38,707.9","36,380.8","151.44K","-1.77%"
"2021년 02월 03일","37,646.8","35,486.9","37,646.8","35,401.5","131.03K","6.09%"
"2021년 02월 02일","35,485.2","33,514.0","35,976.1","33,462.4","120.85K","5.88%"
"2021년 02월 01일","33,515.7","33,106.8","34,685.6","32,324.9","126.32K","1.23%"
"2021년 01월 31일","33,108.1","34,281.6","34,348.3","32,189.9","101.92K","-3.43%"
"2021년 01월 30일","34,283.1","34,300.0","34,920.9","32,908.5","128.57K","-0.05%"
"2021년 01월 29일","34,301.8","33,381.7","38,546.0","31,953.3","297.73K","2.78%"
"2021년 01월 28일","33,374.8","30,408.9","33,790.8","29,911.9","167.39K","9.77%"
"2021년 01월 27일","30,404.0","32,499.6","32,545.4","29,290.4","194.35K","-6.46%"
"2021년 01월 26일","32,502.1","32,244.1","32,917.7","30,850.0","139.84K","0.77%"
"2021년 01월 25일","32,252.3","32,244.3","34,854.3","31,967.4","142.43K","0.03%"
"2021년 01월 24일","32,241.3","32,088.5","33,034.8","30,982.9","88.21K","0.47%"
"2021년 01월 23일","32,088.9","32,994.1","33,441.4","31,418.2","100.70K","-2.76%"
"2021년 01월 22일","33,000.5","30,838.7","33,821.2","28,871.2","243.09K","7.00%"
"2021년 01월 21일","30,842.1","35,472.3","35,591.1","30,101.8","253.27K","-13.06%"
"2021년 01월 20일","35,476.3","35,862.1","36,384.4","33,444.5","153.61K","-1.46%"
"2021년 01월 19일","36,002.9","36,630.6","37,821.0","36,001.4","79.11K","-1.67%"
"2021년 01월 18일","36,613.2","35,838.2","37,436.8","34,801.0","111.52K","2.16%"
"2021년 01월 17일","35,839.6","36,020.1","36,801.3","33,883.5","126.82K","-0.50%"
"2021년 01월 16일","36,019.5","36,751.8","37,931.7","35,408.4","137.02K","-2.24%"
"2021년 01월 15일","36,845.8","39,175.7","39,715.0","34,488.7","118.42K","-5.95%"
"2021년 01월 14일","39,175.7","37,383.4","40,054.3","36,772.1","172.40K","4.80%"
"2021년 01월 13일","37,382.2","34,061.2","37,764.6","32,451.9","209.93K","9.70%"
"2021년 01월 12일","34,076.1","35,426.0","36,598.7","32,572.7","241.93K","-4.13%"
"2021년 01월 11일","35,544.3","38,195.3","38,217.2","30,411.6","251.04K","-6.93%"
"2021년 01월 10일","38,192.2","40,149.7","41,362.4","35,141.6","215.78K","-4.88%"
"2021년 01월 09일","40,151.9","40,607.2","41,363.5","38,775.1","128.42K","-1.10%"
"2021년 01월 08일","40,599.3","39,466.4","41,921.7","36,613.4","251.29K","2.89%"
"2021년 01월 07일","39,460.2","36,798.5","40,340.9","36,361.2","249.60K","7.25%"
"2021년 01월 06일","36,793.2","33,999.3","36,934.8","33,408.3","227.56K","8.24%"
"2021년 01월 05일","33,991.5","32,015.4","34,414.7","30,010.5","202.13K","6.15%"
"2021년 01월 04일","32,022.6","33,016.6","33,587.5","28,204.5","255.27K","-2.84%"
"2021년 01월 03일","32,958.9","32,192.9","34,755.9","32,029.6","155.21K","2.38%"
"2021년 01월 02일","32,193.3","29,359.7","33,233.5","29,008.0","240.87K","9.65%"
"2021년 01월 01일","29,359.9","28,951.7","29,627.1","28,712.4","100.90K","1.42%"
"2020년 12월 31일","28,949.4","28,866.8","29,298.8","28,025.0","136.69K","0.28%"
"2020년 12월 30일","28,868.7","27,374.5","28,979.3","27,374.5","159.82K","5.45%"
"2020년 12월 29일","27,376.0","27,065.3","27,390.7","25,902.8","119.57K","1.18%"
"2020년 12월 28일","27,057.8","26,259.2","27,444.9","26,144.3","126.98K","3.03%"
"2020년 12월 27일","26,261.3","26,460.3","28,360.3","25,858.2","231.23K","-0.73%"
"2020년 12월 26일","26,454.4","24,714.7","26,826.0","24,515.1","155.77K","7.15%"
"2020년 12월 25일","24,689.6","23,728.7","24,778.9","23,445.3","2.40K","4.02%"
"2020년 12월 24일","23,736.5","23,253.2","23,783.7","22,737.3","104.59K","2.06%"
"2020년 12월 23일","23,257.9","23,820.8","24,063.7","22,694.7","178.47K","-2.37%"
"2020년 12월 22일","23,823.2","22,730.4","23,825.4","22,388.6","130.75K","4.82%"
"2020년 12월 21일","22,728.5","23,474.1","24,101.9","22,015.5","154.69K","-3.18%"
"2020년 12월 20일","23,474.9","23,843.6","24,280.9","23,098.9","114.09K","-1.55%"
"2020년 12월 19일","23,844.0","23,127.6","24,107.1","22,797.0","133.88K","3.10%"
"2020년 12월 18일","23,127.9","22,823.3","23,272.8","22,361.5","131.80K","1.33%"
"2020년 12월 17일","22,825.4","21,352.3","23,738.0","21,243.1","310.74K","6.90%"
"2020년 12월 16일","21,352.2","19,434.7","21,525.3","19,299.7","199.81K","9.87%"
"2020년 12월 15일","19,434.9","19,273.9","19,556.3","19,076.2","98.39K","0.84%"
"2020년 12월 14일","19,273.8","19,176.4","19,346.5","19,007.0","67.11K","0.51%"
"2020년 12월 13일","19,176.8","18,808.1","19,403.6","18,716.8","82.45K","1.96%"
"2020년 12월 12일","18,808.9","18,026.7","18,936.2","18,025.1","71.37K","4.36%"
"2020년 12월 11일","18,023.6","18,250.5","18,288.3","17,600.1","111.53K","-1.23%"
"2020년 12월 10일","18,247.2","18,546.1","18,551.8","17,926.8","85.31K","-1.61%"
"2020년 12월 09일","18,546.0","18,322.4","18,637.9","17,658.8","129.72K","1.20%"
"2020년 12월 08일","18,326.6","19,170.8","19,288.6","18,229.2","101.41K","-4.40%"
"2020년 12월 07일","19,170.7","19,368.4","19,424.6","18,908.8","61.98K","-1.08%"
"2020년 12월 06일","19,379.9","19,146.0","19,417.1","18,873.0","54.56K","1.22%"
"2020년 12월 05일","19,146.5","18,657.5","19,172.7","18,507.1","59.44K","2.62%"
"2020년 12월 04일","18,658.1","19,431.1","19,529.5","18,610.8","110.63K","-3.99%"
"2020년 12월 03일","19,433.3","19,219.8","19,596.6","18,883.7","99.97K","1.12%"
"2020년 12월 02일","19,218.8","18,767.9","19,335.5","18,346.7","91.92K","2.39%"
"2020년 12월 01일","18,770.7","19,697.8","19,897.4","18,257.0","208.72K","-4.71%"
"2020년 11월 30일","19,698.1","18,186.0","19,831.2","18,186.0","185.59K","8.32%"
"2020년 11월 29일","18,185.5","17,729.7","18,336.3","17,530.4","79.12K","2.57%"
"2020년 11월 28일","17,730.7","17,142.6","17,874.4","16,874.4","95.20K","3.52%"
"2020년 11월 27일","17,127.1","17,160.9","17,450.3","16,481.6","138.80K","-0.20%"
"2020년 11월 26일","17,162.0","18,721.9","18,894.9","16,235.2","312.07K","-8.34%"
"2020년 11월 25일","18,723.0","19,151.5","19,486.7","18,527.7","146.12K","-2.24%"
"2020년 11월 24일","19,152.6","18,394.6","19,416.6","18,074.8","180.79K","4.21%"
"2020년 11월 23일","18,379.6","18,428.1","18,756.8","18,016.0","127.35K","-0.18%"
"2020년 11월 22일","18,412.9","18,689.3","18,751.5","17,644.6","121.76K","-1.47%"
"2020년 11월 21일","18,687.2","18,673.8","18,966.0","18,397.5","108.91K","0.06%"
"2020년 11월 20일","18,675.2","17,805.5","18,811.0","17,758.4","134.42K","4.90%"
"2020년 11월 19일","17,803.5","17,775.1","18,166.0","17,380.1","135.94K","0.16%"
"2020년 11월 18일","17,774.6","17,662.3","18,466.1","17,258.9","233.43K","0.64%"
"2020년 11월 17일","17,662.3","16,715.8","17,845.4","16,562.0","175.87K","5.66%"
"2020년 11월 16일","16,715.8","15,954.1","16,880.7","15,870.7","118.09K","4.78%"
"2020년 11월 15일","15,953.0","16,074.7","16,158.1","15,782.3","58.43K","-0.73%"
"2020년 11월 14일","16,071.0","16,323.1","16,328.2","15,717.7","83.64K","-1.55%"
"2020년 11월 13일","16,324.2","16,293.0","16,474.1","15,973.4","113.75K","0.18%"
"2020년 11월 12일","16,294.7","15,695.8","16,342.7","15,483.5","165.54K","3.82%"
"2020년 11월 11일","15,695.8","15,303.1","15,953.9","15,281.0","119.07K","2.56%"
"2020년 11월 10일","15,303.6","15,328.0","15,465.3","15,096.5","93.36K","-0.15%"
"2020년 11월 09일","15,327.2","15,483.3","15,819.6","14,816.9","165.04K","-1.01%"
"2020년 11월 08일","15,483.7","14,826.6","15,648.3","14,720.7","94.99K","4.42%"
"2020년 11월 07일","14,828.4","15,578.2","15,754.4","14,385.1","160.73K","-4.81%"
"2020년 11월 06일","15,577.9","15,593.9","15,955.2","15,223.5","186.13K","-0.06%"
"2020년 11월 05일","15,587.1","14,145.6","15,739.9","14,099.7","227.49K","10.19%"
"2020년 11월 04일","14,145.6","14,023.0","14,238.8","13,544.4","140.80K","0.90%"
"2020년 11월 03일","14,019.9","13,560.5","14,054.0","13,294.6","108.17K","3.38%"
"2020년 11월 02일","13,561.4","13,759.7","13,828.4","13,214.2","97.76K","-1.44%"
"2020년 11월 01일","13,759.4","13,795.5","13,889.5","13,628.7","51.71K","-0.27%"
"2020년 10월 31일","13,797.3","13,560.2","14,065.4","13,441.7","102.75K","1.75%"
"2020년 10월 30일","13,559.9","13,457.0","13,667.9","13,134.5","108.77K","0.76%"
"2020년 10월 29일","13,457.2","13,278.3","13,640.0","12,982.9","111.23K","1.34%"
"2020년 10월 28일","13,278.9","13,658.3","13,851.7","12,907.6","144.18K","-2.77%"
"2020년 10월 27일","13,657.8","13,061.5","13,782.3","13,050.3","128.64K","4.56%"
"2020년 10월 26일","13,061.6","13,033.0","13,229.7","12,792.4","89.47K","0.23%"
"2020년 10월 25일","13,032.2","13,117.0","13,345.3","12,900.4","59.73K","-0.65%"
"2020년 10월 24일","13,117.2","12,933.6","13,161.5","12,876.4","51.20K","1.42%"
"2020년 10월 23일","12,934.1","12,972.7","13,025.5","12,738.9","73.94K","-0.31%"
"2020년 10월 22일","12,974.6","12,805.5","13,183.9","12,698.2","113.31K","1.30%"
"2020년 10월 21일","12,808.7","11,913.6","13,213.5","11,894.6","197.72K","7.51%"
"2020년 10월 20일","11,913.5","11,753.9","12,029.4","11,685.7","94.59K","1.36%"
"2020년 10월 19일","11,753.4","11,507.1","11,823.3","11,413.9","73.04K","2.14%"
"2020년 10월 18일","11,506.9","11,362.1","11,506.9","11,349.8","31.51K","1.27%"
"2020년 10월 17일","11,362.1","11,321.8","11,402.7","11,274.4","29.86K","0.35%"
"2020년 10월 16일","11,322.0","11,503.2","11,542.2","11,224.6","71.42K","-1.57%"
"2020년 10월 15일","11,503.0","11,421.4","11,590.9","11,276.7","70.84K","0.72%"
"2020년 10월 14일","11,420.4","11,424.4","11,541.0","11,293.5","59.12K","-0.03%"
"2020년 10월 13일","11,423.8","11,533.5","11,558.0","11,315.9","64.67K","-0.95%"
"2020년 10월 12일","11,533.9","11,370.8","11,715.9","11,227.4","84.02K","1.43%"
"2020년 10월 11일","11,371.0","11,295.6","11,439.4","11,277.6","41.06K","0.64%"
"2020년 10월 10일","11,298.4","11,053.5","11,475.0","11,053.1","65.81K","2.21%"
"2020년 10월 09일","11,054.2","10,923.5","11,103.0","10,836.9","70.95K","1.19%"
"2020년 10월 08일","10,924.1","10,670.7","10,948.6","10,549.6","79.78K","2.37%"
"2020년 10월 07일","10,670.9","10,601.0","10,680.1","10,553.3","49.27K","0.64%"
"2020년 10월 06일","10,602.6","10,790.2","10,800.3","10,530.8","69.07K","-1.73%"
"2020년 10월 05일","10,789.5","10,672.5","10,789.6","10,623.4","48.86K","1.09%"
"2020년 10월 04일","10,672.9","10,544.4","10,693.3","10,520.8","31.40K","1.22%"
"2020년 10월 03일","10,544.2","10,572.2","10,597.8","10,501.2","29.10K","-0.27%"
"2020년 10월 02일","10,572.3","10,619.6","10,662.9","10,387.6","77.94K","-0.45%"
"2020년 10월 01일","10,620.5","10,776.6","10,913.7","10,462.7","95.33K","-1.44%"
"2020년 09월 30일","10,776.1","10,843.4","10,847.7","10,667.6","55.55K","-0.60%"
"2020년 09월 29일","10,840.9","10,694.3","10,858.4","10,642.4","59.64K","1.38%"
"2020년 09월 28일","10,693.2","10,776.4","10,946.6","10,685.2","72.29K","-0.77%"
"2020년 09월 27일","10,776.2","10,727.9","10,799.2","10,602.7","40.92K","0.45%"
"2020년 09월 26일","10,727.9","10,688.9","10,793.3","10,650.2","37.85K","0.37%"
"2020년 09월 25일","10,688.8","10,739.9","10,756.0","10,558.9","71.43K","-0.47%"
"2020년 09월 24일","10,739.4","10,238.1","10,787.8","10,201.0","82.95K","4.90%"
"2020년 09월 23일","10,237.3","10,531.5","10,535.4","10,146.6","74.95K","-2.79%"
"2020년 09월 22일","10,531.5","10,419.4","10,570.7","10,361.7","63.52K","1.10%"
"2020년 09월 21일","10,416.8","10,919.9","10,987.2","10,328.5","109.85K","-4.62%"
"2020년 09월 20일","10,921.5","11,081.6","11,081.6","10,772.7","53.39K","-1.45%"
"2020년 09월 19일","11,081.8","10,933.0","11,177.1","10,890.7","51.63K","1.36%"
"2020년 09월 18일","10,933.0","10,941.3","11,029.7","10,818.7","63.48K","-0.08%"
"2020년 09월 17일","10,941.3","10,950.1","11,039.3","10,755.2","77.22K","-0.07%"
"2020년 09월 16일","10,949.5","10,785.2","11,093.3","10,669.2","94.94K","1.52%"
"2020년 09월 15일","10,785.3","10,675.2","10,931.8","10,627.8","91.70K","1.03%"
"2020년 09월 14일","10,675.3","10,332.7","10,744.3","10,264.5","96.64K","3.38%"
"2020년 09월 13일","10,326.0","10,441.7","10,579.6","10,219.4","66.12K","-1.11%"
"2020년 09월 12일","10,441.9","10,390.2","10,476.8","10,275.9","48.49K","0.50%"
"2020년 09월 11일","10,390.2","10,339.8","10,398.8","10,212.6","62.28K","0.49%"
"2020년 09월 10일","10,339.7","10,224.3","10,480.3","10,219.2","88.01K","1.13%"
"2020년 09월 09일","10,224.6","10,126.8","10,343.3","9,984.6","71.37K","0.97%"
"2020년 09월 08일","10,126.6","10,376.9","10,434.4","9,877.1","113.90K","-2.41%"
"2020년 09월 07일","10,376.9","10,296.4","10,400.9","9,887.0","12.40M","0.78%"
"2020년 09월 06일","10,296.4","10,092.2","10,337.7","10,004.7","12.12M","2.02%"
"2020년 09월 05일","10,092.2","10,472.3","10,558.7","9,897.8","14.72M","-3.63%"
"2020년 09월 04일","10,472.5","10,168.7","10,614.2","9,960.3","12.50M","2.99%"
"2020년 09월 03일","10,168.8","11,413.2","11,442.7","10,009.5","9.65M","-10.90%"
"2020년 09월 02일","11,413.3","11,914.4","11,947.5","11,244.9","20.26M","-4.21%"
"2020년 09월 01일","11,914.9","11,644.2","12,045.9","11,544.6","580.69K","2.32%"
"2020년 08월 31일","11,644.2","11,701.1","11,760.2","11,563.8","496.14K","-0.49%"
"2020년 08월 30일","11,702.0","11,468.1","11,704.2","11,462.6","409.36K","2.04%"
"2020년 08월 29일","11,468.1","11,527.8","11,576.8","11,433.5","389.85K","-0.51%"
"2020년 08월 28일","11,527.4","11,327.5","11,539.0","11,281.9","464.94K","1.77%"
"2020년 08월 27일","11,327.4","11,462.3","11,580.3","11,135.3","560.59K","-1.18%"
"2020년 08월 26일","11,462.3","11,324.9","11,533.6","11,254.6","513.06K","1.21%"
"2020년 08월 25일","11,324.8","11,752.9","11,766.9","11,131.0","594.07K","-3.65%"
"2020년 08월 24일","11,753.5","11,641.6","11,824.6","11,587.1","429.13K","0.96%"
"2020년 08월 23일","11,641.6","11,661.1","11,705.4","11,520.8","377.33K","-0.17%"
"2020년 08월 22일","11,661.3","11,529.2","11,677.0","11,382.1","433.98K","1.15%"
"2020년 08월 21일","11,529.2","11,856.9","11,877.4","11,495.6","506.38K","-2.76%"
"2020년 08월 20일","11,856.9","11,751.0","11,881.0","11,672.7","430.93K","0.91%"
"2020년 08월 19일","11,750.2","11,944.4","12,013.2","11,602.6","550.26K","-1.65%"
"2020년 08월 18일","11,947.6","12,283.0","12,381.4","11,842.0","606.79K","-2.73%"
"2020년 08월 17일","12,282.6","11,898.8","12,444.1","11,764.0","628.41K","3.22%"
"2020년 08월 16일","11,899.0","11,845.5","11,922.5","11,688.9","410.81K","0.45%"
"2020년 08월 15일","11,845.3","11,751.1","11,964.0","11,711.5","499.10K","0.80%"
"2020년 08월 14일","11,750.8","11,771.1","11,835.5","11,651.5","435.44K","-0.17%"
"2020년 08월 13일","11,770.9","11,557.2","11,772.9","11,298.4","545.67K","1.85%"
"2020년 08월 12일","11,557.2","11,390.4","11,605.4","11,190.6","549.59K","1.46%"
"2020년 08월 11일","11,390.4","11,889.2","11,931.8","11,146.7","615.90K","-4.19%"
"2020년 08월 10일","11,889.2","11,681.1","12,041.1","11,546.9","564.11K","1.78%"
"2020년 08월 09일","11,681.2","11,764.4","11,792.8","11,527.5","303.00K","-0.71%"
"2020년 08월 08일","11,764.3","11,591.6","11,805.5","11,533.5","317.06K","1.49%"
"2020년 08월 07일","11,592.0","11,757.1","11,901.8","11,352.4","517.00K","-1.40%"
"2020년 08월 06일","11,757.1","11,735.0","11,898.4","11,563.0","554.85K","0.19%"
"2020년 08월 05일","11,735.1","11,184.8","11,771.5","11,114.5","570.83K","4.92%"
"2020년 08월 04일","11,184.7","11,223.8","11,407.8","11,043.0","485.79K","-0.35%"
"2020년 08월 03일","11,224.4","11,066.9","11,461.1","10,981.6","470.24K","1.42%"
"2020년 08월 02일","11,066.8","11,802.6","12,061.1","10,730.7","647.95K","-6.24%"
"2020년 08월 01일","11,803.1","11,333.2","11,847.7","11,226.1","611.47K","4.14%"
"2020년 07월 31일","11,333.4","11,096.5","11,434.8","10,964.6","530.95K","2.14%"
"2020년 07월 30일","11,096.2","11,105.8","11,164.4","10,861.6","501.14K","-0.09%"
"2020년 07월 29일","11,105.9","10,908.4","11,336.5","10,771.8","576.83K","1.81%"
"2020년 07월 28일","10,908.5","10,961.1","11,046.1","10,873.6","658.37K","-1.04%"
"2020년 07월 27일","11,022.8","9,932.7","11,367.0","9,894.6","908.99K","10.98%"
"2020년 07월 26일","9,932.5","9,690.0","10,086.6","9,645.9","415.07K","2.35%"
"2020년 07월 25일","9,704.1","9,546.7","9,729.3","9,536.2","306.29K","1.65%"
"2020년 07월 24일","9,546.4","9,599.2","9,626.2","9,480.5","359.16K","-0.55%"
"2020년 07월 23일","9,599.6","9,513.6","9,646.5","9,451.1","425.66K","0.90%"
"2020년 07월 22일","9,513.7","9,387.4","9,523.1","9,296.0","386.00K","1.35%"
"2020년 07월 21일","9,387.3","9,162.3","9,426.9","9,155.1","458.99K","2.46%"
"2020년 07월 20일","9,162.4","9,208.1","9,218.4","9,139.9","312.98K","-0.50%"
"2020년 07월 19일","9,208.0","9,170.1","9,224.8","9,106.4","265.25K","0.41%"
"2020년 07월 18일","9,170.2","9,155.8","9,198.8","9,126.7","276.40K","0.16%"
"2020년 07월 17일","9,155.8","9,135.4","9,181.9","9,091.5","310.92K","0.22%"
"2020년 07월 16일","9,135.3","9,198.7","9,224.2","9,052.0","429.04K","-0.69%"
"2020년 07월 15일","9,198.7","9,253.6","9,270.2","9,168.7","429.84K","-0.59%"
"2020년 07월 14일","9,253.4","9,243.1","9,274.8","9,135.7","453.83K","0.11%"
"2020년 07월 13일","9,243.6","9,300.5","9,329.6","9,207.6","456.87K","-0.62%"
"2020년 07월 12일","9,300.8","9,234.2","9,337.8","9,170.4","366.88K","0.73%"
"2020년 07월 11일","9,233.3","9,285.8","9,295.5","9,184.2","353.92K","-0.56%"
"2020년 07월 10일","9,285.1","9,239.0","9,309.8","9,131.9","418.47K","0.53%"
"2020년 07월 09일","9,235.7","9,430.1","9,434.5","9,176.0","444.27K","-2.06%"
"2020년 07월 08일","9,429.9","9,256.3","9,458.3","9,233.1","509.94K","1.88%"
"2020년 07월 07일","9,256.0","9,338.8","9,371.2","9,209.3","420.55K","-0.89%"
"2020년 07월 06일","9,339.0","9,080.4","9,363.0","9,063.2","510.27K","2.84%"
"2020년 07월 05일","9,081.0","9,134.3","9,149.6","8,932.1","314.10K","-0.58%"
"2020년 07월 04일","9,134.4","9,067.1","9,182.3","9,049.6","261.25K","0.74%"
"2020년 07월 03일","9,067.1","9,085.0","9,120.4","9,050.9","333.88K","-0.20%"
"2020년 07월 02일","9,085.1","9,229.9","9,259.7","8,962.1","483.10K","-1.57%"
"2020년 07월 01일","9,229.9","9,135.9","9,289.0","9,101.1","366.78K","1.03%"
"2020년 06월 30일","9,135.4","9,186.0","9,199.8","9,075.3","381.73K","-0.54%"
"2020년 06월 29일","9,185.4","9,122.8","9,229.1","9,033.6","401.12K","0.67%"
"2020년 06월 28일","9,124.0","9,008.4","9,185.5","8,950.2","329.01K","1.28%"
"2020년 06월 27일","9,008.3","9,160.5","9,190.5","8,865.3","441.93K","-1.66%"
"2020년 06월 26일","9,160.0","9,247.5","9,296.5","9,060.1","489.84K","-0.95%"
"2020년 06월 25일","9,247.5","9,300.8","9,327.3","9,022.6","524.45K","-0.59%"
"2020년 06월 24일","9,302.0","9,624.6","9,667.4","9,223.0","515.78K","-3.35%"
"2020년 06월 23일","9,624.6","9,683.9","9,715.6","9,581.8","375.49K","-0.61%"
"2020년 06월 22일","9,683.7","9,296.5","9,751.9","9,285.8","523.32K","4.17%"
"2020년 06월 21일","9,296.4","9,358.8","9,411.2","9,288.5","335.99K","-0.67%"
"2020년 06월 20일","9,358.8","9,314.0","9,394.5","9,199.8","383.44K","0.48%"
"2020년 06월 19일","9,314.0","9,390.3","9,424.0","9,249.6","478.49K","-0.79%"
"2020년 06월 18일","9,388.1","9,464.6","9,480.4","9,289.3","391.67K","-0.81%"
"2020년 06월 17일","9,464.6","9,523.6","9,543.6","9,258.2","446.45K","-0.62%"
"2020년 06월 16일","9,523.5","9,425.6","9,577.1","9,379.3","545.47K","1.04%"
"2020년 06월 15일","9,425.4","9,345.5","9,489.7","8,925.6","750.90K","0.86%"
"2020년 06월 14일","9,345.3","9,470.7","9,474.7","9,264.4","311.27K","-1.33%"
"2020년 06월 13일","9,471.3","9,466.5","9,484.9","9,369.9","364.97K","0.05%"
"2020년 06월 12일","9,466.6","9,283.7","9,547.5","9,249.4","529.28K","1.97%"
"2020년 06월 11일","9,283.2","9,878.9","9,945.2","9,139.1","919.30K","-6.03%"
"2020년 06월 10일","9,878.8","9,768.8","9,970.9","9,710.7","533.55K","1.13%"
"2020년 06월 09일","9,768.8","9,777.7","9,857.2","9,616.6","479.55K","-0.09%"
"2020년 06월 08일","9,777.9","9,743.4","9,788.2","9,662.3","431.04K","0.36%"
"2020년 06월 07일","9,742.6","9,669.6","9,791.8","9,417.4","549.20K","0.76%"
"2020년 06월 06일","9,669.6","9,630.8","9,733.1","9,549.5","370.85K","0.40%"
"2020년 06월 05일","9,631.2","9,794.0","9,846.1","9,628.7","527.05K","-1.67%"
"2020년 06월 04일","9,794.4","9,667.2","9,864.4","9,490.9","593.66K","1.32%"
"2020년 06월 03일","9,667.2","9,527.0","9,667.2","9,421.7","558.12K","1.47%"
"2020년 06월 02일","9,527.6","10,190.7","10,207.3","9,347.3","1.06M","-6.49%"
"2020년 06월 01일","10,189.3","9,454.5","10,301.8","9,429.7","796.68K","7.77%"
"2020년 05월 31일","9,454.8","9,692.9","9,695.6","9,406.2","645.27K","-2.45%"
"2020년 05월 30일","9,692.5","9,424.8","9,729.9","9,352.7","720.62K","2.84%"
"2020년 05월 29일","9,424.8","9,573.4","9,596.5","9,358.1","814.33K","-1.54%"
"2020년 05월 28일","9,572.2","9,199.8","9,610.8","9,119.2","948.86K","4.06%"
"2020년 05월 27일","9,199.1","8,842.3","9,210.9","8,818.6","810.89K","4.03%"
"2020년 05월 26일","8,842.5","8,897.7","8,994.6","8,713.9","784.92K","-0.63%"
"2020년 05월 25일","8,898.2","8,728.0","8,959.5","8,666.1","941.89K","1.95%"
"2020년 05월 24일","8,728.2","9,177.9","9,292.0","8,724.1","1.11M","-4.89%"
"2020년 05월 23일","9,177.0","9,169.8","9,303.2","9,098.9","812.56K","0.08%"
"2020년 05월 22일","9,169.7","9,058.2","9,253.5","8,952.1","914.59K","1.22%"
"2020년 05월 21일","9,059.0","9,511.6","9,567.1","8,833.6","1.41M","-4.76%"
"2020년 05월 20일","9,512.3","9,773.0","9,829.3","9,368.4","1.15M","-2.67%"
"2020년 05월 19일","9,773.3","9,730.8","9,883.9","9,498.7","1.16M","0.44%"
"2020년 05월 18일","9,730.7","9,678.4","9,930.2","9,524.4","1.18M","0.55%"
"2020년 05월 17일","9,677.7","9,376.6","9,866.0","9,327.8","1.18M","3.18%"
"2020년 05월 16일","9,379.5","9,318.1","9,579.0","9,233.0","1.10M","0.66%"
"2020년 05월 15일","9,318.0","9,778.6","9,819.6","9,223.2","1.56M","-4.71%"
"2020년 05월 14일","9,778.4","9,298.7","9,887.5","9,265.8","1.77M","5.16%"
"2020년 05월 13일","9,298.7","8,813.9","9,384.6","8,799.1","1.50M","5.50%"
"2020년 05월 12일","8,813.8","8,569.8","8,964.5","8,542.8","1.35M","2.73%"
"2020년 05월 11일","8,579.8","8,737.6","9,129.6","8,235.6","2.29M","-1.82%"
"2020년 05월 10일","8,738.8","9,553.9","9,569.4","8,259.3","2.47M","-8.54%"
"2020년 05월 09일","9,554.6","9,806.0","9,910.5","9,533.6","1.49M","-2.57%"
"2020년 05월 08일","9,806.2","9,980.1","10,018.2","9,731.4","1.42M","-1.74%"
"2020년 05월 07일","9,979.8","9,152.7","10,033.0","9,064.8","1.91M","9.05%"
"2020년 05월 06일","9,151.4","9,000.6","9,373.7","8,923.6","1.62M","1.67%"
"2020년 05월 05일","9,001.0","8,874.2","9,078.7","8,800.4","1.05M","1.42%"
"2020년 05월 04일","8,874.7","8,885.5","8,945.5","8,553.2","1.12M","-0.12%"
"2020년 05월 03일","8,885.5","8,966.2","9,169.9","8,742.2","1.15M","-0.90%"
"2020년 05월 02일","8,966.3","8,821.6","8,986.2","8,771.3","890.34K","1.64%"
"2020년 05월 01일","8,821.6","8,628.6","9,040.3","8,621.0","1.11M","2.23%"
"2020년 04월 30일","8,629.0","8,770.6","9,437.5","8,425.5","2.04M","-1.62%"
"2020년 04월 29일","8,770.9","7,746.7","8,918.5","7,729.7","1.83M","13.22%"
"2020년 04월 28일","7,746.9","7,766.0","7,770.1","7,655.3","808.09K","-0.25%"
"2020년 04월 27일","7,766.0","7,679.4","7,768.5","7,637.7","980.50K","1.13%"
"2020년 04월 26일","7,678.9","7,540.4","7,679.4","7,520.5","921.59K","1.84%"
"2020년 04월 25일","7,540.4","7,503.9","7,684.6","7,451.0","861.93K","0.49%"
"2020년 04월 24일","7,503.8","7,491.3","7,583.5","7,423.5","951.95K","0.20%"
"2020년 04월 23일","7,488.5","7,112.8","7,655.4","7,036.5","1.34M","5.28%"
"2020년 04월 22일","7,112.9","6,842.5","7,137.4","6,821.8","914.18K","3.95%"
"2020년 04월 21일","6,842.5","6,833.4","6,919.3","6,774.3","892.57K","0.13%"
"2020년 04월 20일","6,833.5","7,122.9","7,207.5","6,771.2","1.26M","-4.06%"
"2020년 04월 19일","7,122.9","7,230.9","7,238.0","7,079.1","5.93M","-1.49%"
"2020년 04월 18일","7,230.8","7,035.9","7,259.4","7,031.5","796.45K","2.77%"
"2020년 04월 17일","7,035.8","7,085.5","7,142.8","7,005.8","810.10K","-0.70%"
"2020년 04월 16일","7,085.6","6,629.1","7,159.7","6,520.5","1.54M","6.89%"
"2020년 04월 15일","6,629.1","6,851.3","6,929.5","6,615.9","1.00M","-3.24%"
"2020년 04월 14일","6,850.9","6,841.8","6,970.8","6,768.6","999.53K","0.14%"
"2020년 04월 13일","6,841.3","6,918.1","6,920.3","6,618.5","1.25M","-1.10%"
"2020년 04월 12일","6,917.6","6,867.9","7,158.8","6,785.1","1.10M","0.73%"
"2020년 04월 11일","6,867.8","6,862.7","6,931.4","6,765.1","845.58K","0.07%"
"2020년 04월 10일","6,863.1","7,289.0","7,294.4","6,756.1","1.37M","-5.84%"
"2020년 04월 09일","7,289.0","7,361.1","7,361.1","7,140.3","963.55K","-0.98%"
"2020년 04월 08일","7,361.2","7,185.6","7,396.1","7,153.1","983.94K","2.45%"
"2020년 04월 07일","7,185.2","7,332.3","7,440.3","7,101.7","1.32M","-2.01%"
"2020년 04월 06일","7,332.3","6,772.8","7,335.0","6,770.1","1.53M","8.26%"
"2020년 04월 05일","6,772.7","6,857.5","6,889.4","6,686.0","842.33K","-1.23%"
"2020년 04월 04일","6,857.4","6,735.9","6,958.6","6,679.1","1.05M","1.80%"
"2020년 04월 03일","6,735.9","6,799.9","7,026.3","6,623.6","1.35M","-0.95%"
"2020년 04월 02일","6,800.5","6,638.8","7,182.7","6,567.9","1.74M","2.44%"
"2020년 04월 01일","6,638.5","6,412.4","6,661.3","6,157.4","1.40M","3.52%"
"2020년 03월 31일","6,412.5","6,391.1","6,513.1","6,346.3","1.05M","0.34%"
"2020년 03월 30일","6,391.0","5,890.4","6,576.5","5,872.5","1.43M","8.50%"
"2020년 03월 29일","5,890.4","6,233.2","6,258.8","5,889.3","916.17K","-5.51%"
"2020년 03월 28일","6,233.7","6,373.4","6,374.3","6,046.5","1.26M","-2.19%"
"2020년 03월 27일","6,373.4","6,725.5","6,813.7","6,322.3","1.16M","-5.23%"
"2020년 03월 26일","6,725.1","6,677.9","6,772.9","6,541.7","1.18M","0.69%"
"2020년 03월 25일","6,678.9","6,744.8","6,930.2","6,474.6","1.52M","-0.97%"
"2020년 03월 24일","6,744.6","6,468.8","6,814.2","6,380.8","1.73M","4.26%"
"2020년 03월 23일","6,468.9","5,822.0","6,564.7","5,710.8","1.88M","11.11%"
"2020년 03월 22일","5,822.1","6,186.9","6,394.4","5,771.2","1.48M","-5.89%"
"2020년 03월 21일","6,186.2","6,205.6","6,438.3","5,887.0","1.64M","-0.31%"
"2020년 03월 20일","6,205.3","6,171.6","6,858.1","5,748.2","2.22M","0.54%"
"2020년 03월 19일","6,172.0","5,359.2","6,379.5","5,256.0","2.18M","15.12%"
"2020년 03월 18일","5,361.4","5,260.7","5,373.1","5,020.9","1.80M","1.91%"
"2020년 03월 17일","5,261.1","5,030.2","5,432.8","4,946.5","1.89M","4.59%"
"2020년 03월 16일","5,030.0","5,366.4","5,369.3","4,477.7","2.55M","-6.27%"
"2020년 03월 15일","5,366.3","5,182.9","5,863.3","5,120.6","1.61M","3.54%"
"2020년 03월 14일","5,182.7","5,589.4","5,634.9","5,072.2","1.69M","-7.19%"
"2020년 03월 13일","5,584.3","4,815.2","5,934.3","3,869.5","4.17M","15.71%"
"2020년 03월 12일","4,826.0","7,935.2","7,963.1","4,546.6","3.22M","-39.18%"
"2020년 03월 11일","7,935.1","7,892.1","7,976.5","7,606.0","1.10M","0.56%"
"2020년 03월 10일","7,891.2","7,933.0","8,145.5","7,740.2","1.20M","-0.53%"
"2020년 03월 09일","7,933.0","8,035.8","8,158.8","7,648.7","1.54M","-1.26%"
"2020년 03월 08일","8,034.1","8,887.8","8,888.0","8,015.3","1.11M","-9.61%"
"2020년 03월 07일","8,887.8","9,134.2","9,180.8","8,848.7","750.65K","-2.70%"
"2020년 03월 06일","9,134.8","9,060.6","9,165.2","9,004.9","1.04M","0.82%"
"2020년 03월 05일","9,060.3","8,757.9","9,147.3","8,751.5","950.76K","3.45%"
"2020년 03월 04일","8,757.9","8,761.3","8,840.3","8,679.7","759.69K","-0.04%"
"2020년 03월 03일","8,761.4","8,906.1","8,911.7","8,669.3","1.01M","-1.61%"
"2020년 03월 02일","8,904.8","8,537.5","8,961.8","8,503.1","1.02M","4.27%"
"2020년 03월 01일","8,540.0","8,543.8","8,737.2","8,437.2","784.05K","-0.04%"
"2020년 02월 29일","8,543.7","8,697.1","8,793.7","8,539.8","683.44K","-1.77%"
"2020년 02월 28일","8,697.5","8,820.1","8,898.7","8,451.9","1.08M","-1.37%"
"2020년 02월 27일","8,818.6","8,800.1","8,968.3","8,538.5","1.13M","0.21%"
"2020년 02월 26일","8,800.3","9,317.1","9,368.1","8,672.0","1.32M","-5.55%"
"2020년 02월 25일","9,317.2","9,662.6","9,672.3","9,269.8","937.97K","-3.57%"
"2020년 02월 24일","9,662.7","9,943.2","9,981.0","9,507.0","980.00K","-2.82%"
"2020년 02월 23일","9,942.7","9,655.6","9,965.6","9,653.4","775.88K","2.97%"
"2020년 02월 22일","9,655.7","9,684.5","9,706.5","9,569.8","589.88K","-0.30%"
"2020년 02월 21일","9,684.5","9,602.2","9,747.1","9,574.5","716.61K","0.85%"
"2020년 02월 20일","9,602.4","9,611.9","9,681.4","9,448.9","870.80K","-0.07%"
"2020년 02월 19일","9,609.4","10,158.6","10,230.9","9,424.3","905.95K","-5.40%"
"2020년 02월 18일","10,158.4","9,701.5","10,230.1","9,601.6","945.91K","4.71%"
"2020년 02월 17일","9,701.4","9,931.7","9,951.5","9,468.9","961.88K","-2.32%"
"2020년 02월 16일","9,932.3","9,907.4","10,056.4","9,654.9","808.91K","0.25%"
"2020년 02월 15일","9,907.7","10,336.0","10,369.8","9,831.7","808.81K","-4.12%"
"2020년 02월 14일","10,333.0","10,235.5","10,372.4","10,125.2","732.51K","0.96%"
"2020년 02월 13일","10,235.1","10,321.9","10,482.6","10,116.9","940.30K","-0.80%"
"2020년 02월 12일","10,317.7","10,229.3","10,435.6","10,229.3","803.25K","0.86%"
"2020년 02월 11일","10,229.5","9,854.0","10,314.1","9,725.1","791.28K","3.81%"
"2020년 02월 10일","9,854.1","10,151.5","10,181.7","9,774.8","781.22K","-2.93%"
"2020년 02월 09일","10,151.5","9,895.4","10,157.1","9,882.7","617.35K","2.59%"
"2020년 02월 08일","9,895.5","9,817.3","9,931.2","9,673.2","551.31K","0.78%"
"2020년 02월 07일","9,818.6","9,771.9","9,872.5","9,738.7","608.96K","0.48%"
"2020년 02월 06일","9,772.0","9,611.8","9,854.9","9,536.1","778.67K","1.67%"
"2020년 02월 05일","9,611.8","9,194.1","9,726.8","9,179.9","771.46K","4.54%"
"2020년 02월 04일","9,193.9","9,296.5","9,347.5","9,193.9","651.68K","-1.10%"
"2020년 02월 03일","9,296.6","9,334.6","9,582.8","9,243.1","701.39K","-0.41%"
"2020년 02월 02일","9,334.9","9,381.5","9,465.4","9,183.1","683.37K","-0.50%"
"2020년 02월 01일","9,381.6","9,349.3","9,458.8","9,301.5","458.42K","0.35%"
"2020년 01월 31일","9,349.1","9,508.3","9,525.0","9,222.3","633.37K","-1.66%"
"2020년 01월 30일","9,507.3","9,299.1","9,569.0","9,209.2","765.21K","2.24%"
"2020년 01월 29일","9,298.9","9,377.3","9,428.7","9,250.9","749.88K","-0.84%"
"2020년 01월 28일","9,377.3","8,866.6","9,389.5","8,866.6","954.20K","5.76%"
"2020년 01월 27일","8,866.6","8,608.1","8,983.1","8,585.6","706.45K","3.01%"
"2020년 01월 26일","8,607.8","8,341.6","8,607.8","8,304.9","468.34K","3.19%"
"2020년 01월 25일","8,341.6","8,439.9","8,447.6","8,277.2","444.00K","-1.17%"
"2020년 01월 24일","8,439.9","8,404.9","8,522.0","8,242.6","617.02K","0.41%"
"2020년 01월 23일","8,405.1","8,678.5","8,687.3","8,309.6","722.67K","-3.15%"
"2020년 01월 22일","8,678.5","8,733.0","8,805.4","8,610.8","509.06K","-0.62%"
"2020년 01월 21일","8,732.6","8,642.0","8,770.3","8,524.0","540.20K","1.05%"
"2020년 01월 20일","8,641.9","8,705.7","8,740.1","8,539.2","599.06K","-0.74%"
"2020년 01월 19일","8,706.2","8,916.3","9,183.7","8,552.8","975.01K","-2.36%"
"2020년 01월 18일","8,916.3","8,913.0","8,982.3","8,814.6","627.74K","0.04%"
"2020년 01월 17일","8,913.1","8,726.7","9,005.1","8,675.9","794.11K","2.13%"
"2020년 01월 16일","8,726.9","8,818.1","8,850.0","8,605.8","748.32K","-1.04%"
"2020년 01월 15일","8,818.3","8,827.9","8,904.0","8,615.5","1.17M","-0.12%"
"2020년 01월 14일","8,829.2","8,111.2","8,898.7","8,111.2","1.48M","8.85%"
"2020년 01월 13일","8,111.4","8,188.3","8,196.7","8,068.4","610.66K","-0.93%"
"2020년 01월 12일","8,187.6","8,023.3","8,189.9","7,973.1","595.22K","2.04%"
"2020년 01월 11일","8,024.1","8,187.8","8,262.9","8,008.4","776.75K","-1.99%"
"2020년 01월 10일","8,187.1","7,842.5","8,187.4","7,697.7","1.05M","4.40%"
"2020년 01월 09일","7,842.4","8,060.0","8,065.9","7,779.2","786.50K","-2.70%"
"2020년 01월 08일","8,059.6","8,154.2","8,436.4","7,900.8","1.19M","-1.18%"
"2020년 01월 07일","8,155.7","7,759.1","8,182.0","7,754.1","1.01M","5.11%"
"2020년 01월 06일","7,759.1","7,372.6","7,783.1","7,366.7","786.75K","5.24%"
"2020년 01월 05일","7,372.5","7,376.8","7,501.0","7,345.6","628.14K","-0.06%"
"2020년 01월 04일","7,376.8","7,345.1","7,433.1","7,291.4","523.91K","0.46%"
"2020년 01월 03일","7,343.1","6,967.1","7,402.9","6,884.1","936.29K","5.40%"
"2020년 01월 02일","6,967.0","7,199.7","7,209.6","6,901.4","632.78K","-3.23%"
"2020년 01월 01일","7,199.8","7,196.4","7,259.4","7,180.0","420.28K","0.05%"
"2019년 12월 31일","7,196.4","7,261.5","7,331.0","7,167.4","586.60K","-0.90%"
"2019년 12월 30일","7,261.8","7,397.5","7,420.9","7,244.1","606.11K","-1.84%"
"2019년 12월 29일","7,397.5","7,321.6","7,518.9","7,303.0","611.69K","1.04%"
"2019년 12월 28일","7,321.5","7,261.9","7,375.9","7,256.5","610.96K","0.82%"
"2019년 12월 27일","7,261.7","7,210.8","7,293.8","7,128.5","718.07K","0.70%"
"2019년 12월 26일","7,210.9","7,225.0","7,414.3","7,177.3","795.09K","-0.19%"
"2019년 12월 25일","7,224.8","7,268.3","7,542.4","7,150.9","625.41K","-0.60%"
"2019년 12월 24일","7,268.3","7,322.4","7,433.2","7,185.7","785.54K","-0.74%"
"2019년 12월 23일","7,322.8","7,496.2","7,684.0","7,276.2","952.16K","-2.31%"
"2019년 12월 22일","7,495.8","7,156.3","7,501.1","7,142.0","677.94K","4.74%"
"2019년 12월 21일","7,156.2","7,196.4","7,197.6","7,129.6","468.74K","-0.56%"
"2019년 12월 20일","7,196.4","7,165.5","7,218.4","7,107.7","627.04K","0.43%"
"2019년 12월 19일","7,165.5","7,276.4","7,354.0","7,039.3","778.72K","-1.52%"
"2019년 12월 18일","7,276.0","6,613.5","7,387.7","6,462.2","1.14M","10.02%"
"2019년 12월 17일","6,613.3","6,903.5","6,943.5","6,575.0","894.55K","-4.20%"
"2019년 12월 16일","6,903.5","7,128.5","7,153.1","6,864.6","689.56K","-3.16%"
"2019년 12월 15일","7,128.5","7,080.8","7,175.8","7,033.8","492.58K","0.67%"
"2019년 12월 14일","7,080.8","7,255.2","7,267.4","7,043.3","524.56K","-2.40%"
"2019년 12월 13일","7,255.2","7,208.4","7,288.0","7,200.3","503.49K","0.65%"
"2019년 12월 12일","7,208.0","7,208.0","7,272.4","7,124.6","611.80K","0.00%"
"2019년 12월 11일","7,208.0","7,235.8","7,284.4","7,168.8","518.40K","-0.38%"
"2019년 12월 10일","7,235.7","7,356.2","7,400.3","7,192.1","609.50K","-1.63%"
"2019년 12월 09일","7,355.8","7,524.8","7,626.0","7,321.6","648.66K","-2.24%"
"2019년 12월 08일","7,524.4","7,510.8","7,576.4","7,416.7","499.04K","0.18%"
"2019년 12월 07일","7,510.9","7,530.4","7,595.7","7,489.6","557.14K","-0.26%"
"2019년 12월 06일","7,530.8","7,399.2","7,552.1","7,329.8","706.10K","1.78%"
"2019년 12월 05일","7,399.2","7,204.6","7,476.3","7,184.0","780.78K","2.70%"
"2019년 12월 04일","7,204.4","7,291.9","7,702.2","7,113.6","971.75K","-1.20%"
"2019년 12월 03일","7,291.8","7,298.1","7,389.4","7,227.1","548.77K","-0.09%"
"2019년 12월 02일","7,298.2","7,395.9","7,433.8","7,173.6","687.78K","-1.33%"
"2019년 12월 01일","7,396.4","7,546.5","7,546.5","7,244.4","777.00K","-1.99%"
"2019년 11월 30일","7,546.6","7,742.7","7,787.7","7,472.7","650.60K","-2.53%"
"2019년 11월 29일","7,742.7","7,426.6","7,825.3","7,412.3","766.71K","4.26%"
"2019년 11월 28일","7,426.7","7,510.6","7,639.5","7,380.6","737.58K","-1.12%"
"2019년 11월 27일","7,510.6","7,162.8","7,636.9","6,875.4","996.49K","4.86%"
"2019년 11월 26일","7,162.8","7,115.5","7,329.5","7,045.1","844.27K","0.66%"
"2019년 11월 25일","7,115.6","6,924.7","7,352.8","6,534.8","1.29M","2.76%"
"2019년 11월 24일","6,924.7","7,325.0","7,344.1","6,894.9","904.50K","-5.45%"
"2019년 11월 23일","7,324.1","7,271.6","7,342.5","7,093.7","783.18K","0.71%"
"2019년 11월 22일","7,272.5","7,627.9","7,700.9","6,818.5","1.41M","-4.66%"
"2019년 11월 21일","7,627.9","8,099.4","8,129.6","7,519.7","891.50K","-5.82%"
"2019년 11월 20일","8,099.3","8,145.7","8,223.0","8,074.2","607.27K","-0.57%"
"2019년 11월 19일","8,145.7","8,207.7","8,245.6","8,032.8","654.27K","-0.76%"
"2019년 11월 18일","8,208.4","8,510.3","8,516.3","8,110.4","692.60K","-3.54%"
"2019년 11월 17일","8,509.8","8,497.4","8,631.7","8,413.0","531.22K","0.15%"
"2019년 11월 16일","8,497.3","8,476.2","8,532.8","8,450.7","471.16K","0.25%"
"2019년 11월 15일","8,476.3","8,660.8","8,761.8","8,437.1","653.71K","-2.13%"
"2019년 11월 14일","8,661.2","8,782.9","8,799.8","8,615.8","515.43K","-1.39%"
"2019년 11월 13일","8,783.1","8,813.2","8,829.7","8,721.1","454.33K","-0.33%"
"2019년 11월 12일","8,812.6","8,737.4","8,841.2","8,615.7","575.16K","0.87%"
"2019년 11월 11일","8,736.9","9,036.9","9,066.4","8,649.4","601.16K","-3.32%"
"2019년 11월 10일","9,036.8","8,804.7","9,092.9","8,763.5","581.57K","2.64%"
"2019년 11월 09일","8,804.5","8,778.1","8,877.5","8,746.9","512.02K","0.30%"
"2019년 11월 08일","8,778.2","9,223.6","9,254.8","8,722.4","791.79K","-4.83%"
"2019년 11월 07일","9,223.5","9,339.2","9,367.0","9,130.0","603.54K","-1.24%"
"2019년 11월 06일","9,338.9","9,311.2","9,424.6","9,262.7","578.03K","0.30%"
"2019년 11월 05일","9,310.8","9,396.1","9,452.7","9,193.9","653.42K","-0.91%"
"2019년 11월 04일","9,396.4","9,198.7","9,500.4","9,134.1","681.01K","2.15%"
"2019년 11월 03일","9,198.3","9,300.5","9,359.1","9,095.0","536.56K","-1.10%"
"2019년 11월 02일","9,300.6","9,230.3","9,356.7","9,201.2","570.74K","0.76%"
"2019년 11월 01일","9,230.1","9,153.1","9,270.4","9,057.2","689.65K","0.85%"
"2019년 10월 31일","9,152.6","9,157.9","9,378.9","8,959.6","798.93K","-0.06%"
"2019년 10월 30일","9,157.9","9,411.3","9,411.3","9,018.4","789.73K","-2.69%"
"2019년 10월 29일","9,411.3","9,206.5","9,531.3","9,125.3","918.48K","2.22%"
"2019년 10월 28일","9,207.2","9,530.1","9,866.9","9,202.5","1.04M","-3.38%"
"2019년 10월 27일","9,529.6","9,230.6","9,773.2","9,081.0","1.16M","3.24%"
"2019년 10월 26일","9,230.6","8,658.4","10,540.0","8,061.8","1.78M","6.61%"
"2019년 10월 25일","8,658.3","7,422.8","8,697.7","7,404.9","1.18M","16.65%"
"2019년 10월 24일","7,422.7","7,476.8","7,501.5","7,366.3","586.49K","-0.73%"
"2019년 10월 23일","7,477.0","8,031.0","8,055.0","7,329.2","892.08K","-6.90%"
"2019년 10월 22일","8,031.4","8,207.4","8,289.1","8,017.7","570.39K","-2.15%"
"2019년 10월 21일","8,208.2","8,224.1","8,315.3","8,155.7","489.40K","-0.18%"
"2019년 10월 20일","8,223.4","7,957.4","8,288.5","7,889.6","513.91K","3.34%"
"2019년 10월 19일","7,957.3","7,948.3","8,060.2","7,892.4","428.83K","0.11%"
"2019년 10월 18일","7,948.5","8,073.3","8,116.4","7,842.0","505.79K","-1.55%"
"2019년 10월 17일","8,073.3","8,000.4","8,118.2","7,944.4","444.95K","0.91%"
"2019년 10월 16일","8,000.4","8,167.1","8,185.9","7,929.8","538.92K","-2.04%"
"2019년 10월 15일","8,167.2","8,353.4","8,400.2","8,139.5","469.73K","-2.23%"
"2019년 10월 14일","8,353.3","8,281.3","8,374.3","8,222.2","505.02K","0.87%"
"2019년 10월 13일","8,281.5","8,304.3","8,450.2","8,190.6","419.87K","-0.28%"
"2019년 10월 12일","8,304.4","8,267.6","8,394.8","8,260.9","424.02K","0.44%"
"2019년 10월 11일","8,267.8","8,562.2","8,751.1","8,249.7","667.86K","-3.44%"
"2019년 10월 10일","8,562.3","8,566.8","8,638.5","8,438.7","511.46K","-0.05%"
"2019년 10월 09일","8,566.7","8,180.1","8,655.9","8,122.7","636.43K","4.69%"
"2019년 10월 08일","8,182.9","8,198.5","8,323.1","8,118.1","469.04K","-0.19%"
"2019년 10월 07일","8,198.6","7,882.6","8,293.5","7,797.0","604.74K","4.02%"
"2019년 10월 06일","7,881.9","8,127.3","8,145.5","7,834.9","448.80K","-3.02%"
"2019년 10월 05일","8,127.3","8,148.0","8,185.1","8,030.6","360.92K","-0.25%"
"2019년 10월 04일","8,148.1","8,227.6","8,233.6","8,041.4","416.92K","-0.96%"
"2019년 10월 03일","8,226.9","8,363.6","8,391.7","8,090.1","460.97K","-1.64%"
"2019년 10월 02일","8,364.1","8,302.7","8,374.0","8,167.7","405.86K","0.74%"
"2019년 10월 01일","8,302.7","8,285.0","8,486.2","8,187.9","533.95K","0.22%"
"2019년 09월 30일","8,284.3","8,048.9","8,318.5","7,749.0","600.26K","2.92%"
"2019년 09월 29일","8,049.1","8,208.0","8,226.8","7,922.1","418.48K","-1.94%"
"2019년 09월 28일","8,208.5","8,184.5","8,297.2","8,031.1","457.79K","0.29%"
"2019년 09월 27일","8,184.9","8,063.8","8,257.4","7,882.1","561.40K","1.50%"
"2019년 09월 26일","8,063.8","8,432.5","8,463.1","7,773.6","731.03K","-4.37%"
"2019년 09월 25일","8,432.4","8,512.3","8,729.8","8,245.1","696.11K","-0.96%"
"2019년 09월 24일","8,513.9","9,702.7","9,793.8","8,069.4","933.16K","-12.25%"
"2019년 09월 23일","9,702.2","10,031.3","10,048.8","9,656.3","431.10K","-3.28%"
"2019년 09월 22일","10,031.6","9,993.0","10,075.0","9,870.9","337.06K","0.39%"
"2019년 09월 21일","9,993.0","10,172.8","10,177.9","9,939.8","326.17K","-1.77%"
"2019년 09월 20일","10,172.7","10,251.5","10,279.5","10,088.6","362.07K","-0.76%"
"2019년 09월 19일","10,250.5","10,164.6","10,297.6","9,707.6","542.25K","0.84%"
"2019년 09월 18일","10,164.7","10,195.7","10,257.5","10,119.3","318.82K","-0.30%"
"2019년 09월 17일","10,195.7","10,254.6","10,273.6","10,153.5","321.64K","-0.58%"
"2019년 09월 16일","10,255.5","10,311.3","10,360.5","10,108.5","372.53K","-0.54%"
"2019년 09월 15일","10,311.5","10,337.3","10,360.4","10,272.0","255.79K","-0.25%"
"2019년 09월 14일","10,337.3","10,342.2","10,421.4","10,253.7","326.44K","-0.05%"
"2019년 09월 13일","10,342.1","10,415.2","10,441.4","10,174.1","365.52K","-0.70%"
"2019년 09월 12일","10,415.1","10,162.4","10,447.9","10,051.0","413.22K","2.49%"
"2019년 09월 11일","10,162.5","10,104.9","10,257.5","9,908.9","413.06K","0.57%"
"2019년 09월 10일","10,105.4","10,308.7","10,379.8","9,970.7","383.22K","-1.98%"
"2019년 09월 09일","10,309.0","10,402.1","10,478.0","10,095.7","473.76K","-0.90%"
"2019년 09월 08일","10,402.8","10,461.6","10,578.0","10,266.3","339.73K","-0.56%"
"2019년 09월 07일","10,461.1","10,306.9","10,556.4","10,302.3","393.57K","1.47%"
"2019년 09월 06일","10,309.3","10,566.7","10,896.2","10,227.4","643.02K","-2.44%"
"2019년 09월 05일","10,566.9","10,567.8","10,630.7","10,469.9","402.09K","-0.01%"
"2019년 09월 04일","10,568.2","10,611.6","10,783.6","10,388.6","504.45K","-0.42%"
"2019년 09월 03일","10,612.3","10,348.1","10,756.8","10,283.5","578.79K","2.55%"
"2019년 09월 02일","10,348.8","9,728.8","10,431.5","9,720.3","542.79K","6.37%"
"2019년 09월 01일","9,729.3","9,594.7","9,799.5","9,533.6","322.66K","1.41%"